location,age_group,forecast_date,target_end_date,target,type,quantile,value,pathogen
DE,00+,2022-11-27,2022-10-30,-4 week ahead inc case,mean,NA,2222,seasonal_influenza
DE,00+,2022-11-27,2022-10-30,-4 week ahead inc case,quantile,0.025,2222,seasonal_influenza
DE,00+,2022-11-27,2022-10-30,-4 week ahead inc case,quantile,0.1,2222,seasonal_influenza
DE,00+,2022-11-27,2022-10-30,-4 week ahead inc case,quantile,0.25,2222,seasonal_influenza
DE,00+,2022-11-27,2022-10-30,-4 week ahead inc case,quantile,0.5,2222,seasonal_influenza
DE,00+,2022-11-27,2022-10-30,-4 week ahead inc case,quantile,0.75,2222,seasonal_influenza
DE,00+,2022-11-27,2022-10-30,-4 week ahead inc case,quantile,0.9,2222,seasonal_influenza
DE,00+,2022-11-27,2022-10-30,-4 week ahead inc case,quantile,0.975,2222,seasonal_influenza
DE,00+,2022-11-27,2022-11-06,-3 week ahead inc case,mean,NA,2332.915,seasonal_influenza
DE,00+,2022-11-27,2022-11-06,-3 week ahead inc case,quantile,0.025,2321,seasonal_influenza
DE,00+,2022-11-27,2022-11-06,-3 week ahead inc case,quantile,0.1,2324,seasonal_influenza
DE,00+,2022-11-27,2022-11-06,-3 week ahead inc case,quantile,0.25,2328,seasonal_influenza
DE,00+,2022-11-27,2022-11-06,-3 week ahead inc case,quantile,0.5,2332,seasonal_influenza
DE,00+,2022-11-27,2022-11-06,-3 week ahead inc case,quantile,0.75,2337,seasonal_influenza
DE,00+,2022-11-27,2022-11-06,-3 week ahead inc case,quantile,0.9,2343,seasonal_influenza
DE,00+,2022-11-27,2022-11-06,-3 week ahead inc case,quantile,0.975,2350,seasonal_influenza
DE,00+,2022-11-27,2022-11-13,-2 week ahead inc case,mean,NA,3673.932,seasonal_influenza
DE,00+,2022-11-27,2022-11-13,-2 week ahead inc case,quantile,0.025,3651,seasonal_influenza
DE,00+,2022-11-27,2022-11-13,-2 week ahead inc case,quantile,0.1,3658,seasonal_influenza
DE,00+,2022-11-27,2022-11-13,-2 week ahead inc case,quantile,0.25,3665,seasonal_influenza
DE,00+,2022-11-27,2022-11-13,-2 week ahead inc case,quantile,0.5,3673,seasonal_influenza
DE,00+,2022-11-27,2022-11-13,-2 week ahead inc case,quantile,0.75,3682,seasonal_influenza
DE,00+,2022-11-27,2022-11-13,-2 week ahead inc case,quantile,0.9,3691,seasonal_influenza
DE,00+,2022-11-27,2022-11-13,-2 week ahead inc case,quantile,0.975,3701,seasonal_influenza
DE,00+,2022-11-27,2022-11-20,-1 week ahead inc case,mean,NA,6808.198,seasonal_influenza
DE,00+,2022-11-27,2022-11-20,-1 week ahead inc case,quantile,0.025,6759,seasonal_influenza
DE,00+,2022-11-27,2022-11-20,-1 week ahead inc case,quantile,0.1,6773,seasonal_influenza
DE,00+,2022-11-27,2022-11-20,-1 week ahead inc case,quantile,0.25,6789,seasonal_influenza
DE,00+,2022-11-27,2022-11-20,-1 week ahead inc case,quantile,0.5,6807,seasonal_influenza
DE,00+,2022-11-27,2022-11-20,-1 week ahead inc case,quantile,0.75,6826,seasonal_influenza
DE,00+,2022-11-27,2022-11-20,-1 week ahead inc case,quantile,0.9,6845,seasonal_influenza
DE,00+,2022-11-27,2022-11-20,-1 week ahead inc case,quantile,0.975,6867,seasonal_influenza
DE,00+,2022-11-27,2022-11-27,0 week ahead inc case,mean,NA,14566.663,seasonal_influenza
DE,00+,2022-11-27,2022-11-27,0 week ahead inc case,quantile,0.025,14113,seasonal_influenza
DE,00+,2022-11-27,2022-11-27,0 week ahead inc case,quantile,0.1,14251,seasonal_influenza
DE,00+,2022-11-27,2022-11-27,0 week ahead inc case,quantile,0.25,14378,seasonal_influenza
DE,00+,2022-11-27,2022-11-27,0 week ahead inc case,quantile,0.5,14553,seasonal_influenza
DE,00+,2022-11-27,2022-11-27,0 week ahead inc case,quantile,0.75,14730,seasonal_influenza
DE,00+,2022-11-27,2022-11-27,0 week ahead inc case,quantile,0.9,14905,seasonal_influenza
DE,00+,2022-11-27,2022-11-27,0 week ahead inc case,quantile,0.975,15126,seasonal_influenza
DE,00-04,2022-11-27,2022-10-30,-4 week ahead inc case,mean,NA,312,seasonal_influenza
DE,00-04,2022-11-27,2022-10-30,-4 week ahead inc case,quantile,0.025,312,seasonal_influenza
DE,00-04,2022-11-27,2022-10-30,-4 week ahead inc case,quantile,0.1,312,seasonal_influenza
DE,00-04,2022-11-27,2022-10-30,-4 week ahead inc case,quantile,0.25,312,seasonal_influenza
DE,00-04,2022-11-27,2022-10-30,-4 week ahead inc case,quantile,0.5,312,seasonal_influenza
DE,00-04,2022-11-27,2022-10-30,-4 week ahead inc case,quantile,0.75,312,seasonal_influenza
DE,00-04,2022-11-27,2022-10-30,-4 week ahead inc case,quantile,0.9,312,seasonal_influenza
DE,00-04,2022-11-27,2022-10-30,-4 week ahead inc case,quantile,0.975,312,seasonal_influenza
DE,00-04,2022-11-27,2022-11-06,-3 week ahead inc case,mean,NA,362.823,seasonal_influenza
DE,00-04,2022-11-27,2022-11-06,-3 week ahead inc case,quantile,0.025,360,seasonal_influenza
DE,00-04,2022-11-27,2022-11-06,-3 week ahead inc case,quantile,0.1,361,seasonal_influenza
DE,00-04,2022-11-27,2022-11-06,-3 week ahead inc case,quantile,0.25,361,seasonal_influenza
DE,00-04,2022-11-27,2022-11-06,-3 week ahead inc case,quantile,0.5,363,seasonal_influenza
DE,00-04,2022-11-27,2022-11-06,-3 week ahead inc case,quantile,0.75,364,seasonal_influenza
DE,00-04,2022-11-27,2022-11-06,-3 week ahead inc case,quantile,0.9,365,seasonal_influenza
DE,00-04,2022-11-27,2022-11-06,-3 week ahead inc case,quantile,0.975,367,seasonal_influenza
DE,00-04,2022-11-27,2022-11-13,-2 week ahead inc case,mean,NA,601.632,seasonal_influenza
DE,00-04,2022-11-27,2022-11-13,-2 week ahead inc case,quantile,0.025,596,seasonal_influenza
DE,00-04,2022-11-27,2022-11-13,-2 week ahead inc case,quantile,0.1,598,seasonal_influenza
DE,00-04,2022-11-27,2022-11-13,-2 week ahead inc case,quantile,0.25,599,seasonal_influenza
DE,00-04,2022-11-27,2022-11-13,-2 week ahead inc case,quantile,0.5,601,seasonal_influenza
DE,00-04,2022-11-27,2022-11-13,-2 week ahead inc case,quantile,0.75,603,seasonal_influenza
DE,00-04,2022-11-27,2022-11-13,-2 week ahead inc case,quantile,0.9,606,seasonal_influenza
DE,00-04,2022-11-27,2022-11-13,-2 week ahead inc case,quantile,0.975,610,seasonal_influenza
DE,00-04,2022-11-27,2022-11-20,-1 week ahead inc case,mean,NA,935.003,seasonal_influenza
DE,00-04,2022-11-27,2022-11-20,-1 week ahead inc case,quantile,0.025,924,seasonal_influenza
DE,00-04,2022-11-27,2022-11-20,-1 week ahead inc case,quantile,0.1,927,seasonal_influenza
DE,00-04,2022-11-27,2022-11-20,-1 week ahead inc case,quantile,0.25,930,seasonal_influenza
DE,00-04,2022-11-27,2022-11-20,-1 week ahead inc case,quantile,0.5,934,seasonal_influenza
DE,00-04,2022-11-27,2022-11-20,-1 week ahead inc case,quantile,0.75,939,seasonal_influenza
DE,00-04,2022-11-27,2022-11-20,-1 week ahead inc case,quantile,0.9,944,seasonal_influenza
DE,00-04,2022-11-27,2022-11-20,-1 week ahead inc case,quantile,0.975,952,seasonal_influenza
DE,00-04,2022-11-27,2022-11-27,0 week ahead inc case,mean,NA,1864.344,seasonal_influenza
DE,00-04,2022-11-27,2022-11-27,0 week ahead inc case,quantile,0.025,1701,seasonal_influenza
DE,00-04,2022-11-27,2022-11-27,0 week ahead inc case,quantile,0.1,1722,seasonal_influenza
DE,00-04,2022-11-27,2022-11-27,0 week ahead inc case,quantile,0.25,1757,seasonal_influenza
DE,00-04,2022-11-27,2022-11-27,0 week ahead inc case,quantile,0.5,1824,seasonal_influenza
DE,00-04,2022-11-27,2022-11-27,0 week ahead inc case,quantile,0.75,1920,seasonal_influenza
DE,00-04,2022-11-27,2022-11-27,0 week ahead inc case,quantile,0.9,2046,seasonal_influenza
DE,00-04,2022-11-27,2022-11-27,0 week ahead inc case,quantile,0.975,2298,seasonal_influenza
DE,05-14,2022-11-27,2022-10-30,-4 week ahead inc case,mean,NA,752,seasonal_influenza
DE,05-14,2022-11-27,2022-10-30,-4 week ahead inc case,quantile,0.025,752,seasonal_influenza
DE,05-14,2022-11-27,2022-10-30,-4 week ahead inc case,quantile,0.1,752,seasonal_influenza
DE,05-14,2022-11-27,2022-10-30,-4 week ahead inc case,quantile,0.25,752,seasonal_influenza
DE,05-14,2022-11-27,2022-10-30,-4 week ahead inc case,quantile,0.5,752,seasonal_influenza
DE,05-14,2022-11-27,2022-10-30,-4 week ahead inc case,quantile,0.75,752,seasonal_influenza
DE,05-14,2022-11-27,2022-10-30,-4 week ahead inc case,quantile,0.9,752,seasonal_influenza
DE,05-14,2022-11-27,2022-10-30,-4 week ahead inc case,quantile,0.975,752,seasonal_influenza
DE,05-14,2022-11-27,2022-11-06,-3 week ahead inc case,mean,NA,672.929,seasonal_influenza
DE,05-14,2022-11-27,2022-11-06,-3 week ahead inc case,quantile,0.025,668,seasonal_influenza
DE,05-14,2022-11-27,2022-11-06,-3 week ahead inc case,quantile,0.1,669,seasonal_influenza
DE,05-14,2022-11-27,2022-11-06,-3 week ahead inc case,quantile,0.25,671,seasonal_influenza
DE,05-14,2022-11-27,2022-11-06,-3 week ahead inc case,quantile,0.5,673,seasonal_influenza
DE,05-14,2022-11-27,2022-11-06,-3 week ahead inc case,quantile,0.75,675,seasonal_influenza
DE,05-14,2022-11-27,2022-11-06,-3 week ahead inc case,quantile,0.9,677,seasonal_influenza
DE,05-14,2022-11-27,2022-11-06,-3 week ahead inc case,quantile,0.975,679,seasonal_influenza
DE,05-14,2022-11-27,2022-11-13,-2 week ahead inc case,mean,NA,1049.11,seasonal_influenza
DE,05-14,2022-11-27,2022-11-13,-2 week ahead inc case,quantile,0.025,1039,seasonal_influenza
DE,05-14,2022-11-27,2022-11-13,-2 week ahead inc case,quantile,0.1,1041,seasonal_influenza
DE,05-14,2022-11-27,2022-11-13,-2 week ahead inc case,quantile,0.25,1044,seasonal_influenza
DE,05-14,2022-11-27,2022-11-13,-2 week ahead inc case,quantile,0.5,1048,seasonal_influenza
DE,05-14,2022-11-27,2022-11-13,-2 week ahead inc case,quantile,0.75,1053,seasonal_influenza
DE,05-14,2022-11-27,2022-11-13,-2 week ahead inc case,quantile,0.9,1059,seasonal_influenza
DE,05-14,2022-11-27,2022-11-13,-2 week ahead inc case,quantile,0.975,1067,seasonal_influenza
DE,05-14,2022-11-27,2022-11-20,-1 week ahead inc case,mean,NA,2326.246,seasonal_influenza
DE,05-14,2022-11-27,2022-11-20,-1 week ahead inc case,quantile,0.025,2298,seasonal_influenza
DE,05-14,2022-11-27,2022-11-20,-1 week ahead inc case,quantile,0.1,2306,seasonal_influenza
DE,05-14,2022-11-27,2022-11-20,-1 week ahead inc case,quantile,0.25,2313,seasonal_influenza
DE,05-14,2022-11-27,2022-11-20,-1 week ahead inc case,quantile,0.5,2324,seasonal_influenza
DE,05-14,2022-11-27,2022-11-20,-1 week ahead inc case,quantile,0.75,2336,seasonal_influenza
DE,05-14,2022-11-27,2022-11-20,-1 week ahead inc case,quantile,0.9,2349,seasonal_influenza
DE,05-14,2022-11-27,2022-11-20,-1 week ahead inc case,quantile,0.975,2372,seasonal_influenza
DE,05-14,2022-11-27,2022-11-27,0 week ahead inc case,mean,NA,5296.917,seasonal_influenza
DE,05-14,2022-11-27,2022-11-27,0 week ahead inc case,quantile,0.025,5006,seasonal_influenza
DE,05-14,2022-11-27,2022-11-27,0 week ahead inc case,quantile,0.1,5052,seasonal_influenza
DE,05-14,2022-11-27,2022-11-27,0 week ahead inc case,quantile,0.25,5107,seasonal_influenza
DE,05-14,2022-11-27,2022-11-27,0 week ahead inc case,quantile,0.5,5218,seasonal_influenza
DE,05-14,2022-11-27,2022-11-27,0 week ahead inc case,quantile,0.75,5396,seasonal_influenza
DE,05-14,2022-11-27,2022-11-27,0 week ahead inc case,quantile,0.9,5623,seasonal_influenza
DE,05-14,2022-11-27,2022-11-27,0 week ahead inc case,quantile,0.975,6084,seasonal_influenza
DE,15-34,2022-11-27,2022-10-30,-4 week ahead inc case,mean,NA,532,seasonal_influenza
DE,15-34,2022-11-27,2022-10-30,-4 week ahead inc case,quantile,0.025,532,seasonal_influenza
DE,15-34,2022-11-27,2022-10-30,-4 week ahead inc case,quantile,0.1,532,seasonal_influenza
DE,15-34,2022-11-27,2022-10-30,-4 week ahead inc case,quantile,0.25,532,seasonal_influenza
DE,15-34,2022-11-27,2022-10-30,-4 week ahead inc case,quantile,0.5,532,seasonal_influenza
DE,15-34,2022-11-27,2022-10-30,-4 week ahead inc case,quantile,0.75,532,seasonal_influenza
DE,15-34,2022-11-27,2022-10-30,-4 week ahead inc case,quantile,0.9,532,seasonal_influenza
DE,15-34,2022-11-27,2022-10-30,-4 week ahead inc case,quantile,0.975,532,seasonal_influenza
DE,15-34,2022-11-27,2022-11-06,-3 week ahead inc case,mean,NA,606.152,seasonal_influenza
DE,15-34,2022-11-27,2022-11-06,-3 week ahead inc case,quantile,0.025,602,seasonal_influenza
DE,15-34,2022-11-27,2022-11-06,-3 week ahead inc case,quantile,0.1,603,seasonal_influenza
DE,15-34,2022-11-27,2022-11-06,-3 week ahead inc case,quantile,0.25,604,seasonal_influenza
DE,15-34,2022-11-27,2022-11-06,-3 week ahead inc case,quantile,0.5,606,seasonal_influenza
DE,15-34,2022-11-27,2022-11-06,-3 week ahead inc case,quantile,0.75,608,seasonal_influenza
DE,15-34,2022-11-27,2022-11-06,-3 week ahead inc case,quantile,0.9,610,seasonal_influenza
DE,15-34,2022-11-27,2022-11-06,-3 week ahead inc case,quantile,0.975,612,seasonal_influenza
DE,15-34,2022-11-27,2022-11-13,-2 week ahead inc case,mean,NA,926.563,seasonal_influenza
DE,15-34,2022-11-27,2022-11-13,-2 week ahead inc case,quantile,0.025,918,seasonal_influenza
DE,15-34,2022-11-27,2022-11-13,-2 week ahead inc case,quantile,0.1,920,seasonal_influenza
DE,15-34,2022-11-27,2022-11-13,-2 week ahead inc case,quantile,0.25,923,seasonal_influenza
DE,15-34,2022-11-27,2022-11-13,-2 week ahead inc case,quantile,0.5,926,seasonal_influenza
DE,15-34,2022-11-27,2022-11-13,-2 week ahead inc case,quantile,0.75,929,seasonal_influenza
DE,15-34,2022-11-27,2022-11-13,-2 week ahead inc case,quantile,0.9,934,seasonal_influenza
DE,15-34,2022-11-27,2022-11-13,-2 week ahead inc case,quantile,0.975,939,seasonal_influenza
DE,15-34,2022-11-27,2022-11-20,-1 week ahead inc case,mean,NA,1663.485,seasonal_influenza
DE,15-34,2022-11-27,2022-11-20,-1 week ahead inc case,quantile,0.025,1644,seasonal_influenza
DE,15-34,2022-11-27,2022-11-20,-1 week ahead inc case,quantile,0.1,1649,seasonal_influenza
DE,15-34,2022-11-27,2022-11-20,-1 week ahead inc case,quantile,0.25,1654,seasonal_influenza
DE,15-34,2022-11-27,2022-11-20,-1 week ahead inc case,quantile,0.5,1661,seasonal_influenza
DE,15-34,2022-11-27,2022-11-20,-1 week ahead inc case,quantile,0.75,1671,seasonal_influenza
DE,15-34,2022-11-27,2022-11-20,-1 week ahead inc case,quantile,0.9,1681,seasonal_influenza
DE,15-34,2022-11-27,2022-11-20,-1 week ahead inc case,quantile,0.975,1693,seasonal_influenza
DE,15-34,2022-11-27,2022-11-27,0 week ahead inc case,mean,NA,3587.163,seasonal_influenza
DE,15-34,2022-11-27,2022-11-27,0 week ahead inc case,quantile,0.025,3339,seasonal_influenza
DE,15-34,2022-11-27,2022-11-27,0 week ahead inc case,quantile,0.1,3373,seasonal_influenza
DE,15-34,2022-11-27,2022-11-27,0 week ahead inc case,quantile,0.25,3426,seasonal_influenza
DE,15-34,2022-11-27,2022-11-27,0 week ahead inc case,quantile,0.5,3528,seasonal_influenza
DE,15-34,2022-11-27,2022-11-27,0 week ahead inc case,quantile,0.75,3670,seasonal_influenza
DE,15-34,2022-11-27,2022-11-27,0 week ahead inc case,quantile,0.9,3874,seasonal_influenza
DE,15-34,2022-11-27,2022-11-27,0 week ahead inc case,quantile,0.975,4222,seasonal_influenza
DE,35-59,2022-11-27,2022-10-30,-4 week ahead inc case,mean,NA,429,seasonal_influenza
DE,35-59,2022-11-27,2022-10-30,-4 week ahead inc case,quantile,0.025,429,seasonal_influenza
DE,35-59,2022-11-27,2022-10-30,-4 week ahead inc case,quantile,0.1,429,seasonal_influenza
DE,35-59,2022-11-27,2022-10-30,-4 week ahead inc case,quantile,0.25,429,seasonal_influenza
DE,35-59,2022-11-27,2022-10-30,-4 week ahead inc case,quantile,0.5,429,seasonal_influenza
DE,35-59,2022-11-27,2022-10-30,-4 week ahead inc case,quantile,0.75,429,seasonal_influenza
DE,35-59,2022-11-27,2022-10-30,-4 week ahead inc case,quantile,0.9,429,seasonal_influenza
DE,35-59,2022-11-27,2022-10-30,-4 week ahead inc case,quantile,0.975,429,seasonal_influenza
DE,35-59,2022-11-27,2022-11-06,-3 week ahead inc case,mean,NA,462.189,seasonal_influenza
DE,35-59,2022-11-27,2022-11-06,-3 week ahead inc case,quantile,0.025,458,seasonal_influenza
DE,35-59,2022-11-27,2022-11-06,-3 week ahead inc case,quantile,0.1,460,seasonal_influenza
DE,35-59,2022-11-27,2022-11-06,-3 week ahead inc case,quantile,0.25,460,seasonal_influenza
DE,35-59,2022-11-27,2022-11-06,-3 week ahead inc case,quantile,0.5,462,seasonal_influenza
DE,35-59,2022-11-27,2022-11-06,-3 week ahead inc case,quantile,0.75,464,seasonal_influenza
DE,35-59,2022-11-27,2022-11-06,-3 week ahead inc case,quantile,0.9,465,seasonal_influenza
DE,35-59,2022-11-27,2022-11-06,-3 week ahead inc case,quantile,0.975,467,seasonal_influenza
DE,35-59,2022-11-27,2022-11-13,-2 week ahead inc case,mean,NA,754.908,seasonal_influenza
DE,35-59,2022-11-27,2022-11-13,-2 week ahead inc case,quantile,0.025,748,seasonal_influenza
DE,35-59,2022-11-27,2022-11-13,-2 week ahead inc case,quantile,0.1,750,seasonal_influenza
DE,35-59,2022-11-27,2022-11-13,-2 week ahead inc case,quantile,0.25,752,seasonal_influenza
DE,35-59,2022-11-27,2022-11-13,-2 week ahead inc case,quantile,0.5,754,seasonal_influenza
DE,35-59,2022-11-27,2022-11-13,-2 week ahead inc case,quantile,0.75,757,seasonal_influenza
DE,35-59,2022-11-27,2022-11-13,-2 week ahead inc case,quantile,0.9,761,seasonal_influenza
DE,35-59,2022-11-27,2022-11-13,-2 week ahead inc case,quantile,0.975,766,seasonal_influenza
DE,35-59,2022-11-27,2022-11-20,-1 week ahead inc case,mean,NA,1340.207,seasonal_influenza
DE,35-59,2022-11-27,2022-11-20,-1 week ahead inc case,quantile,0.025,1323,seasonal_influenza
DE,35-59,2022-11-27,2022-11-20,-1 week ahead inc case,quantile,0.1,1328,seasonal_influenza
DE,35-59,2022-11-27,2022-11-20,-1 week ahead inc case,quantile,0.25,1333,seasonal_influenza
DE,35-59,2022-11-27,2022-11-20,-1 week ahead inc case,quantile,0.5,1339,seasonal_influenza
DE,35-59,2022-11-27,2022-11-20,-1 week ahead inc case,quantile,0.75,1346,seasonal_influenza
DE,35-59,2022-11-27,2022-11-20,-1 week ahead inc case,quantile,0.9,1354,seasonal_influenza
DE,35-59,2022-11-27,2022-11-20,-1 week ahead inc case,quantile,0.975,1366,seasonal_influenza
DE,35-59,2022-11-27,2022-11-27,0 week ahead inc case,mean,NA,2931.022,seasonal_influenza
DE,35-59,2022-11-27,2022-11-27,0 week ahead inc case,quantile,0.025,2795,seasonal_influenza
DE,35-59,2022-11-27,2022-11-27,0 week ahead inc case,quantile,0.1,2828,seasonal_influenza
DE,35-59,2022-11-27,2022-11-27,0 week ahead inc case,quantile,0.25,2859,seasonal_influenza
DE,35-59,2022-11-27,2022-11-27,0 week ahead inc case,quantile,0.5,2913,seasonal_influenza
DE,35-59,2022-11-27,2022-11-27,0 week ahead inc case,quantile,0.75,2980,seasonal_influenza
DE,35-59,2022-11-27,2022-11-27,0 week ahead inc case,quantile,0.9,3060,seasonal_influenza
DE,35-59,2022-11-27,2022-11-27,0 week ahead inc case,quantile,0.975,3185,seasonal_influenza
DE,60-79,2022-11-27,2022-10-30,-4 week ahead inc case,mean,NA,149,seasonal_influenza
DE,60-79,2022-11-27,2022-10-30,-4 week ahead inc case,quantile,0.025,149,seasonal_influenza
DE,60-79,2022-11-27,2022-10-30,-4 week ahead inc case,quantile,0.1,149,seasonal_influenza
DE,60-79,2022-11-27,2022-10-30,-4 week ahead inc case,quantile,0.25,149,seasonal_influenza
DE,60-79,2022-11-27,2022-10-30,-4 week ahead inc case,quantile,0.5,149,seasonal_influenza
DE,60-79,2022-11-27,2022-10-30,-4 week ahead inc case,quantile,0.75,149,seasonal_influenza
DE,60-79,2022-11-27,2022-10-30,-4 week ahead inc case,quantile,0.9,149,seasonal_influenza
DE,60-79,2022-11-27,2022-10-30,-4 week ahead inc case,quantile,0.975,149,seasonal_influenza
DE,60-79,2022-11-27,2022-11-06,-3 week ahead inc case,mean,NA,150.365,seasonal_influenza
DE,60-79,2022-11-27,2022-11-06,-3 week ahead inc case,quantile,0.025,149,seasonal_influenza
DE,60-79,2022-11-27,2022-11-06,-3 week ahead inc case,quantile,0.1,149,seasonal_influenza
DE,60-79,2022-11-27,2022-11-06,-3 week ahead inc case,quantile,0.25,149,seasonal_influenza
DE,60-79,2022-11-27,2022-11-06,-3 week ahead inc case,quantile,0.5,150,seasonal_influenza
DE,60-79,2022-11-27,2022-11-06,-3 week ahead inc case,quantile,0.75,151,seasonal_influenza
DE,60-79,2022-11-27,2022-11-06,-3 week ahead inc case,quantile,0.9,152,seasonal_influenza
DE,60-79,2022-11-27,2022-11-06,-3 week ahead inc case,quantile,0.975,153,seasonal_influenza
DE,60-79,2022-11-27,2022-11-13,-2 week ahead inc case,mean,NA,267.073,seasonal_influenza
DE,60-79,2022-11-27,2022-11-13,-2 week ahead inc case,quantile,0.025,264,seasonal_influenza
DE,60-79,2022-11-27,2022-11-13,-2 week ahead inc case,quantile,0.1,265,seasonal_influenza
DE,60-79,2022-11-27,2022-11-13,-2 week ahead inc case,quantile,0.25,266,seasonal_influenza
DE,60-79,2022-11-27,2022-11-13,-2 week ahead inc case,quantile,0.5,267,seasonal_influenza
DE,60-79,2022-11-27,2022-11-13,-2 week ahead inc case,quantile,0.75,268,seasonal_influenza
DE,60-79,2022-11-27,2022-11-13,-2 week ahead inc case,quantile,0.9,270,seasonal_influenza
DE,60-79,2022-11-27,2022-11-13,-2 week ahead inc case,quantile,0.975,271,seasonal_influenza
DE,60-79,2022-11-27,2022-11-20,-1 week ahead inc case,mean,NA,392.591,seasonal_influenza
DE,60-79,2022-11-27,2022-11-20,-1 week ahead inc case,quantile,0.025,387,seasonal_influenza
DE,60-79,2022-11-27,2022-11-20,-1 week ahead inc case,quantile,0.1,388,seasonal_influenza
DE,60-79,2022-11-27,2022-11-20,-1 week ahead inc case,quantile,0.25,390,seasonal_influenza
DE,60-79,2022-11-27,2022-11-20,-1 week ahead inc case,quantile,0.5,392,seasonal_influenza
DE,60-79,2022-11-27,2022-11-20,-1 week ahead inc case,quantile,0.75,395,seasonal_influenza
DE,60-79,2022-11-27,2022-11-20,-1 week ahead inc case,quantile,0.9,397,seasonal_influenza
DE,60-79,2022-11-27,2022-11-20,-1 week ahead inc case,quantile,0.975,401,seasonal_influenza
DE,60-79,2022-11-27,2022-11-27,0 week ahead inc case,mean,NA,939.774,seasonal_influenza
DE,60-79,2022-11-27,2022-11-27,0 week ahead inc case,quantile,0.025,899,seasonal_influenza
DE,60-79,2022-11-27,2022-11-27,0 week ahead inc case,quantile,0.1,912,seasonal_influenza
DE,60-79,2022-11-27,2022-11-27,0 week ahead inc case,quantile,0.25,923,seasonal_influenza
DE,60-79,2022-11-27,2022-11-27,0 week ahead inc case,quantile,0.5,938,seasonal_influenza
DE,60-79,2022-11-27,2022-11-27,0 week ahead inc case,quantile,0.75,954,seasonal_influenza
DE,60-79,2022-11-27,2022-11-27,0 week ahead inc case,quantile,0.9,971,seasonal_influenza
DE,60-79,2022-11-27,2022-11-27,0 week ahead inc case,quantile,0.975,990,seasonal_influenza
DE,80+,2022-11-27,2022-10-30,-4 week ahead inc case,mean,NA,48,seasonal_influenza
DE,80+,2022-11-27,2022-10-30,-4 week ahead inc case,quantile,0.025,48,seasonal_influenza
DE,80+,2022-11-27,2022-10-30,-4 week ahead inc case,quantile,0.1,48,seasonal_influenza
DE,80+,2022-11-27,2022-10-30,-4 week ahead inc case,quantile,0.25,48,seasonal_influenza
DE,80+,2022-11-27,2022-10-30,-4 week ahead inc case,quantile,0.5,48,seasonal_influenza
DE,80+,2022-11-27,2022-10-30,-4 week ahead inc case,quantile,0.75,48,seasonal_influenza
DE,80+,2022-11-27,2022-10-30,-4 week ahead inc case,quantile,0.9,48,seasonal_influenza
DE,80+,2022-11-27,2022-10-30,-4 week ahead inc case,quantile,0.975,48,seasonal_influenza
DE,80+,2022-11-27,2022-11-06,-3 week ahead inc case,mean,NA,75.501,seasonal_influenza
DE,80+,2022-11-27,2022-11-06,-3 week ahead inc case,quantile,0.025,75,seasonal_influenza
DE,80+,2022-11-27,2022-11-06,-3 week ahead inc case,quantile,0.1,75,seasonal_influenza
DE,80+,2022-11-27,2022-11-06,-3 week ahead inc case,quantile,0.25,75,seasonal_influenza
DE,80+,2022-11-27,2022-11-06,-3 week ahead inc case,quantile,0.5,75,seasonal_influenza
DE,80+,2022-11-27,2022-11-06,-3 week ahead inc case,quantile,0.75,76,seasonal_influenza
DE,80+,2022-11-27,2022-11-06,-3 week ahead inc case,quantile,0.9,76,seasonal_influenza
DE,80+,2022-11-27,2022-11-06,-3 week ahead inc case,quantile,0.975,77,seasonal_influenza
DE,80+,2022-11-27,2022-11-13,-2 week ahead inc case,mean,NA,69.14,seasonal_influenza
DE,80+,2022-11-27,2022-11-13,-2 week ahead inc case,quantile,0.025,68,seasonal_influenza
DE,80+,2022-11-27,2022-11-13,-2 week ahead inc case,quantile,0.1,68,seasonal_influenza
DE,80+,2022-11-27,2022-11-13,-2 week ahead inc case,quantile,0.25,68,seasonal_influenza
DE,80+,2022-11-27,2022-11-13,-2 week ahead inc case,quantile,0.5,69,seasonal_influenza
DE,80+,2022-11-27,2022-11-13,-2 week ahead inc case,quantile,0.75,70,seasonal_influenza
DE,80+,2022-11-27,2022-11-13,-2 week ahead inc case,quantile,0.9,71,seasonal_influenza
DE,80+,2022-11-27,2022-11-13,-2 week ahead inc case,quantile,0.975,71,seasonal_influenza
DE,80+,2022-11-27,2022-11-20,-1 week ahead inc case,mean,NA,149.441,seasonal_influenza
DE,80+,2022-11-27,2022-11-20,-1 week ahead inc case,quantile,0.025,146,seasonal_influenza
DE,80+,2022-11-27,2022-11-20,-1 week ahead inc case,quantile,0.1,147,seasonal_influenza
DE,80+,2022-11-27,2022-11-20,-1 week ahead inc case,quantile,0.25,148,seasonal_influenza
DE,80+,2022-11-27,2022-11-20,-1 week ahead inc case,quantile,0.5,149,seasonal_influenza
DE,80+,2022-11-27,2022-11-20,-1 week ahead inc case,quantile,0.75,151,seasonal_influenza
DE,80+,2022-11-27,2022-11-20,-1 week ahead inc case,quantile,0.9,152,seasonal_influenza
DE,80+,2022-11-27,2022-11-20,-1 week ahead inc case,quantile,0.975,154,seasonal_influenza
DE,80+,2022-11-27,2022-11-27,0 week ahead inc case,mean,NA,374.903,seasonal_influenza
DE,80+,2022-11-27,2022-11-27,0 week ahead inc case,quantile,0.025,357,seasonal_influenza
DE,80+,2022-11-27,2022-11-27,0 week ahead inc case,quantile,0.1,363,seasonal_influenza
DE,80+,2022-11-27,2022-11-27,0 week ahead inc case,quantile,0.25,368,seasonal_influenza
DE,80+,2022-11-27,2022-11-27,0 week ahead inc case,quantile,0.5,374,seasonal_influenza
DE,80+,2022-11-27,2022-11-27,0 week ahead inc case,quantile,0.75,381,seasonal_influenza
DE,80+,2022-11-27,2022-11-27,0 week ahead inc case,quantile,0.9,388,seasonal_influenza
DE,80+,2022-11-27,2022-11-27,0 week ahead inc case,quantile,0.975,398,seasonal_influenza
DE-BB,00+,2022-11-27,2022-10-30,-4 week ahead inc case,mean,NA,20,seasonal_influenza
DE-BB,00+,2022-11-27,2022-10-30,-4 week ahead inc case,quantile,0.025,20,seasonal_influenza
DE-BB,00+,2022-11-27,2022-10-30,-4 week ahead inc case,quantile,0.1,20,seasonal_influenza
DE-BB,00+,2022-11-27,2022-10-30,-4 week ahead inc case,quantile,0.25,20,seasonal_influenza
DE-BB,00+,2022-11-27,2022-10-30,-4 week ahead inc case,quantile,0.5,20,seasonal_influenza
DE-BB,00+,2022-11-27,2022-10-30,-4 week ahead inc case,quantile,0.75,20,seasonal_influenza
DE-BB,00+,2022-11-27,2022-10-30,-4 week ahead inc case,quantile,0.9,20,seasonal_influenza
DE-BB,00+,2022-11-27,2022-10-30,-4 week ahead inc case,quantile,0.975,20,seasonal_influenza
DE-BB,00+,2022-11-27,2022-11-06,-3 week ahead inc case,mean,NA,32.221,seasonal_influenza
DE-BB,00+,2022-11-27,2022-11-06,-3 week ahead inc case,quantile,0.025,32,seasonal_influenza
DE-BB,00+,2022-11-27,2022-11-06,-3 week ahead inc case,quantile,0.1,32,seasonal_influenza
DE-BB,00+,2022-11-27,2022-11-06,-3 week ahead inc case,quantile,0.25,32,seasonal_influenza
DE-BB,00+,2022-11-27,2022-11-06,-3 week ahead inc case,quantile,0.5,32,seasonal_influenza
DE-BB,00+,2022-11-27,2022-11-06,-3 week ahead inc case,quantile,0.75,32,seasonal_influenza
DE-BB,00+,2022-11-27,2022-11-06,-3 week ahead inc case,quantile,0.9,33,seasonal_influenza
DE-BB,00+,2022-11-27,2022-11-06,-3 week ahead inc case,quantile,0.975,34,seasonal_influenza
DE-BB,00+,2022-11-27,2022-11-13,-2 week ahead inc case,mean,NA,47.489,seasonal_influenza
DE-BB,00+,2022-11-27,2022-11-13,-2 week ahead inc case,quantile,0.025,47,seasonal_influenza
DE-BB,00+,2022-11-27,2022-11-13,-2 week ahead inc case,quantile,0.1,47,seasonal_influenza
DE-BB,00+,2022-11-27,2022-11-13,-2 week ahead inc case,quantile,0.25,47,seasonal_influenza
DE-BB,00+,2022-11-27,2022-11-13,-2 week ahead inc case,quantile,0.5,47,seasonal_influenza
DE-BB,00+,2022-11-27,2022-11-13,-2 week ahead inc case,quantile,0.75,48,seasonal_influenza
DE-BB,00+,2022-11-27,2022-11-13,-2 week ahead inc case,quantile,0.9,48,seasonal_influenza
DE-BB,00+,2022-11-27,2022-11-13,-2 week ahead inc case,quantile,0.975,49,seasonal_influenza
DE-BB,00+,2022-11-27,2022-11-20,-1 week ahead inc case,mean,NA,99.069,seasonal_influenza
DE-BB,00+,2022-11-27,2022-11-20,-1 week ahead inc case,quantile,0.025,97,seasonal_influenza
DE-BB,00+,2022-11-27,2022-11-20,-1 week ahead inc case,quantile,0.1,97,seasonal_influenza
DE-BB,00+,2022-11-27,2022-11-20,-1 week ahead inc case,quantile,0.25,98,seasonal_influenza
DE-BB,00+,2022-11-27,2022-11-20,-1 week ahead inc case,quantile,0.5,99,seasonal_influenza
DE-BB,00+,2022-11-27,2022-11-20,-1 week ahead inc case,quantile,0.75,100,seasonal_influenza
DE-BB,00+,2022-11-27,2022-11-20,-1 week ahead inc case,quantile,0.9,101,seasonal_influenza
DE-BB,00+,2022-11-27,2022-11-20,-1 week ahead inc case,quantile,0.975,103,seasonal_influenza
DE-BB,00+,2022-11-27,2022-11-27,0 week ahead inc case,mean,NA,384.906,seasonal_influenza
DE-BB,00+,2022-11-27,2022-11-27,0 week ahead inc case,quantile,0.025,365,seasonal_influenza
DE-BB,00+,2022-11-27,2022-11-27,0 week ahead inc case,quantile,0.1,370,seasonal_influenza
DE-BB,00+,2022-11-27,2022-11-27,0 week ahead inc case,quantile,0.25,376,seasonal_influenza
DE-BB,00+,2022-11-27,2022-11-27,0 week ahead inc case,quantile,0.5,383,seasonal_influenza
DE-BB,00+,2022-11-27,2022-11-27,0 week ahead inc case,quantile,0.75,393,seasonal_influenza
DE-BB,00+,2022-11-27,2022-11-27,0 week ahead inc case,quantile,0.9,402,seasonal_influenza
DE-BB,00+,2022-11-27,2022-11-27,0 week ahead inc case,quantile,0.975,414,seasonal_influenza
DE-BE,00+,2022-11-27,2022-10-30,-4 week ahead inc case,mean,NA,66,seasonal_influenza
DE-BE,00+,2022-11-27,2022-10-30,-4 week ahead inc case,quantile,0.025,66,seasonal_influenza
DE-BE,00+,2022-11-27,2022-10-30,-4 week ahead inc case,quantile,0.1,66,seasonal_influenza
DE-BE,00+,2022-11-27,2022-10-30,-4 week ahead inc case,quantile,0.25,66,seasonal_influenza
DE-BE,00+,2022-11-27,2022-10-30,-4 week ahead inc case,quantile,0.5,66,seasonal_influenza
DE-BE,00+,2022-11-27,2022-10-30,-4 week ahead inc case,quantile,0.75,66,seasonal_influenza
DE-BE,00+,2022-11-27,2022-10-30,-4 week ahead inc case,quantile,0.9,66,seasonal_influenza
DE-BE,00+,2022-11-27,2022-10-30,-4 week ahead inc case,quantile,0.975,66,seasonal_influenza
DE-BE,00+,2022-11-27,2022-11-06,-3 week ahead inc case,mean,NA,58.327,seasonal_influenza
DE-BE,00+,2022-11-27,2022-11-06,-3 week ahead inc case,quantile,0.025,58,seasonal_influenza
DE-BE,00+,2022-11-27,2022-11-06,-3 week ahead inc case,quantile,0.1,58,seasonal_influenza
DE-BE,00+,2022-11-27,2022-11-06,-3 week ahead inc case,quantile,0.25,58,seasonal_influenza
DE-BE,00+,2022-11-27,2022-11-06,-3 week ahead inc case,quantile,0.5,58,seasonal_influenza
DE-BE,00+,2022-11-27,2022-11-06,-3 week ahead inc case,quantile,0.75,59,seasonal_influenza
DE-BE,00+,2022-11-27,2022-11-06,-3 week ahead inc case,quantile,0.9,59,seasonal_influenza
DE-BE,00+,2022-11-27,2022-11-06,-3 week ahead inc case,quantile,0.975,60,seasonal_influenza
DE-BE,00+,2022-11-27,2022-11-13,-2 week ahead inc case,mean,NA,62.733,seasonal_influenza
DE-BE,00+,2022-11-27,2022-11-13,-2 week ahead inc case,quantile,0.025,62,seasonal_influenza
DE-BE,00+,2022-11-27,2022-11-13,-2 week ahead inc case,quantile,0.1,62,seasonal_influenza
DE-BE,00+,2022-11-27,2022-11-13,-2 week ahead inc case,quantile,0.25,62,seasonal_influenza
DE-BE,00+,2022-11-27,2022-11-13,-2 week ahead inc case,quantile,0.5,62,seasonal_influenza
DE-BE,00+,2022-11-27,2022-11-13,-2 week ahead inc case,quantile,0.75,63,seasonal_influenza
DE-BE,00+,2022-11-27,2022-11-13,-2 week ahead inc case,quantile,0.9,64,seasonal_influenza
DE-BE,00+,2022-11-27,2022-11-13,-2 week ahead inc case,quantile,0.975,65,seasonal_influenza
DE-BE,00+,2022-11-27,2022-11-20,-1 week ahead inc case,mean,NA,128.098,seasonal_influenza
DE-BE,00+,2022-11-27,2022-11-20,-1 week ahead inc case,quantile,0.025,126,seasonal_influenza
DE-BE,00+,2022-11-27,2022-11-20,-1 week ahead inc case,quantile,0.1,126,seasonal_influenza
DE-BE,00+,2022-11-27,2022-11-20,-1 week ahead inc case,quantile,0.25,127,seasonal_influenza
DE-BE,00+,2022-11-27,2022-11-20,-1 week ahead inc case,quantile,0.5,128,seasonal_influenza
DE-BE,00+,2022-11-27,2022-11-20,-1 week ahead inc case,quantile,0.75,129,seasonal_influenza
DE-BE,00+,2022-11-27,2022-11-20,-1 week ahead inc case,quantile,0.9,130,seasonal_influenza
DE-BE,00+,2022-11-27,2022-11-20,-1 week ahead inc case,quantile,0.975,132,seasonal_influenza
DE-BE,00+,2022-11-27,2022-11-27,0 week ahead inc case,mean,NA,255.749,seasonal_influenza
DE-BE,00+,2022-11-27,2022-11-27,0 week ahead inc case,quantile,0.025,245,seasonal_influenza
DE-BE,00+,2022-11-27,2022-11-27,0 week ahead inc case,quantile,0.1,248,seasonal_influenza
DE-BE,00+,2022-11-27,2022-11-27,0 week ahead inc case,quantile,0.25,251,seasonal_influenza
DE-BE,00+,2022-11-27,2022-11-27,0 week ahead inc case,quantile,0.5,255,seasonal_influenza
DE-BE,00+,2022-11-27,2022-11-27,0 week ahead inc case,quantile,0.75,260,seasonal_influenza
DE-BE,00+,2022-11-27,2022-11-27,0 week ahead inc case,quantile,0.9,264,seasonal_influenza
DE-BE,00+,2022-11-27,2022-11-27,0 week ahead inc case,quantile,0.975,270,seasonal_influenza
DE-BW,00+,2022-11-27,2022-10-30,-4 week ahead inc case,mean,NA,141,seasonal_influenza
DE-BW,00+,2022-11-27,2022-10-30,-4 week ahead inc case,quantile,0.025,141,seasonal_influenza
DE-BW,00+,2022-11-27,2022-10-30,-4 week ahead inc case,quantile,0.1,141,seasonal_influenza
DE-BW,00+,2022-11-27,2022-10-30,-4 week ahead inc case,quantile,0.25,141,seasonal_influenza
DE-BW,00+,2022-11-27,2022-10-30,-4 week ahead inc case,quantile,0.5,141,seasonal_influenza
DE-BW,00+,2022-11-27,2022-10-30,-4 week ahead inc case,quantile,0.75,141,seasonal_influenza
DE-BW,00+,2022-11-27,2022-10-30,-4 week ahead inc case,quantile,0.9,141,seasonal_influenza
DE-BW,00+,2022-11-27,2022-10-30,-4 week ahead inc case,quantile,0.975,141,seasonal_influenza
DE-BW,00+,2022-11-27,2022-11-06,-3 week ahead inc case,mean,NA,138.831,seasonal_influenza
DE-BW,00+,2022-11-27,2022-11-06,-3 week ahead inc case,quantile,0.025,138,seasonal_influenza
DE-BW,00+,2022-11-27,2022-11-06,-3 week ahead inc case,quantile,0.1,138,seasonal_influenza
DE-BW,00+,2022-11-27,2022-11-06,-3 week ahead inc case,quantile,0.25,138,seasonal_influenza
DE-BW,00+,2022-11-27,2022-11-06,-3 week ahead inc case,quantile,0.5,139,seasonal_influenza
DE-BW,00+,2022-11-27,2022-11-06,-3 week ahead inc case,quantile,0.75,139,seasonal_influenza
DE-BW,00+,2022-11-27,2022-11-06,-3 week ahead inc case,quantile,0.9,140,seasonal_influenza
DE-BW,00+,2022-11-27,2022-11-06,-3 week ahead inc case,quantile,0.975,141,seasonal_influenza
DE-BW,00+,2022-11-27,2022-11-13,-2 week ahead inc case,mean,NA,243.44,seasonal_influenza
DE-BW,00+,2022-11-27,2022-11-13,-2 week ahead inc case,quantile,0.025,241,seasonal_influenza
DE-BW,00+,2022-11-27,2022-11-13,-2 week ahead inc case,quantile,0.1,241,seasonal_influenza
DE-BW,00+,2022-11-27,2022-11-13,-2 week ahead inc case,quantile,0.25,242,seasonal_influenza
DE-BW,00+,2022-11-27,2022-11-13,-2 week ahead inc case,quantile,0.5,243,seasonal_influenza
DE-BW,00+,2022-11-27,2022-11-13,-2 week ahead inc case,quantile,0.75,244,seasonal_influenza
DE-BW,00+,2022-11-27,2022-11-13,-2 week ahead inc case,quantile,0.9,246,seasonal_influenza
DE-BW,00+,2022-11-27,2022-11-13,-2 week ahead inc case,quantile,0.975,248,seasonal_influenza
DE-BW,00+,2022-11-27,2022-11-20,-1 week ahead inc case,mean,NA,663.892,seasonal_influenza
DE-BW,00+,2022-11-27,2022-11-20,-1 week ahead inc case,quantile,0.025,656,seasonal_influenza
DE-BW,00+,2022-11-27,2022-11-20,-1 week ahead inc case,quantile,0.1,658,seasonal_influenza
DE-BW,00+,2022-11-27,2022-11-20,-1 week ahead inc case,quantile,0.25,661,seasonal_influenza
DE-BW,00+,2022-11-27,2022-11-20,-1 week ahead inc case,quantile,0.5,663,seasonal_influenza
DE-BW,00+,2022-11-27,2022-11-20,-1 week ahead inc case,quantile,0.75,666,seasonal_influenza
DE-BW,00+,2022-11-27,2022-11-20,-1 week ahead inc case,quantile,0.9,670,seasonal_influenza
DE-BW,00+,2022-11-27,2022-11-20,-1 week ahead inc case,quantile,0.975,676,seasonal_influenza
DE-BW,00+,2022-11-27,2022-11-27,0 week ahead inc case,mean,NA,1336.845,seasonal_influenza
DE-BW,00+,2022-11-27,2022-11-27,0 week ahead inc case,quantile,0.025,1275,seasonal_influenza
DE-BW,00+,2022-11-27,2022-11-27,0 week ahead inc case,quantile,0.1,1292,seasonal_influenza
DE-BW,00+,2022-11-27,2022-11-27,0 week ahead inc case,quantile,0.25,1307,seasonal_influenza
DE-BW,00+,2022-11-27,2022-11-27,0 week ahead inc case,quantile,0.5,1331,seasonal_influenza
DE-BW,00+,2022-11-27,2022-11-27,0 week ahead inc case,quantile,0.75,1360,seasonal_influenza
DE-BW,00+,2022-11-27,2022-11-27,0 week ahead inc case,quantile,0.9,1387,seasonal_influenza
DE-BW,00+,2022-11-27,2022-11-27,0 week ahead inc case,quantile,0.975,1430,seasonal_influenza
DE-BY,00+,2022-11-27,2022-10-30,-4 week ahead inc case,mean,NA,868,seasonal_influenza
DE-BY,00+,2022-11-27,2022-10-30,-4 week ahead inc case,quantile,0.025,868,seasonal_influenza
DE-BY,00+,2022-11-27,2022-10-30,-4 week ahead inc case,quantile,0.1,868,seasonal_influenza
DE-BY,00+,2022-11-27,2022-10-30,-4 week ahead inc case,quantile,0.25,868,seasonal_influenza
DE-BY,00+,2022-11-27,2022-10-30,-4 week ahead inc case,quantile,0.5,868,seasonal_influenza
DE-BY,00+,2022-11-27,2022-10-30,-4 week ahead inc case,quantile,0.75,868,seasonal_influenza
DE-BY,00+,2022-11-27,2022-10-30,-4 week ahead inc case,quantile,0.9,868,seasonal_influenza
DE-BY,00+,2022-11-27,2022-10-30,-4 week ahead inc case,quantile,0.975,868,seasonal_influenza
DE-BY,00+,2022-11-27,2022-11-06,-3 week ahead inc case,mean,NA,894.745,seasonal_influenza
DE-BY,00+,2022-11-27,2022-11-06,-3 week ahead inc case,quantile,0.025,888,seasonal_influenza
DE-BY,00+,2022-11-27,2022-11-06,-3 week ahead inc case,quantile,0.1,890,seasonal_influenza
DE-BY,00+,2022-11-27,2022-11-06,-3 week ahead inc case,quantile,0.25,892,seasonal_influenza
DE-BY,00+,2022-11-27,2022-11-06,-3 week ahead inc case,quantile,0.5,894,seasonal_influenza
DE-BY,00+,2022-11-27,2022-11-06,-3 week ahead inc case,quantile,0.75,897,seasonal_influenza
DE-BY,00+,2022-11-27,2022-11-06,-3 week ahead inc case,quantile,0.9,900,seasonal_influenza
DE-BY,00+,2022-11-27,2022-11-06,-3 week ahead inc case,quantile,0.975,904,seasonal_influenza
DE-BY,00+,2022-11-27,2022-11-13,-2 week ahead inc case,mean,NA,1206.627,seasonal_influenza
DE-BY,00+,2022-11-27,2022-11-13,-2 week ahead inc case,quantile,0.025,1196,seasonal_influenza
DE-BY,00+,2022-11-27,2022-11-13,-2 week ahead inc case,quantile,0.1,1199,seasonal_influenza
DE-BY,00+,2022-11-27,2022-11-13,-2 week ahead inc case,quantile,0.25,1202,seasonal_influenza
DE-BY,00+,2022-11-27,2022-11-13,-2 week ahead inc case,quantile,0.5,1206,seasonal_influenza
DE-BY,00+,2022-11-27,2022-11-13,-2 week ahead inc case,quantile,0.75,1211,seasonal_influenza
DE-BY,00+,2022-11-27,2022-11-13,-2 week ahead inc case,quantile,0.9,1215,seasonal_influenza
DE-BY,00+,2022-11-27,2022-11-13,-2 week ahead inc case,quantile,0.975,1220,seasonal_influenza
DE-BY,00+,2022-11-27,2022-11-20,-1 week ahead inc case,mean,NA,1954.649,seasonal_influenza
DE-BY,00+,2022-11-27,2022-11-20,-1 week ahead inc case,quantile,0.025,1934,seasonal_influenza
DE-BY,00+,2022-11-27,2022-11-20,-1 week ahead inc case,quantile,0.1,1939,seasonal_influenza
DE-BY,00+,2022-11-27,2022-11-20,-1 week ahead inc case,quantile,0.25,1945,seasonal_influenza
DE-BY,00+,2022-11-27,2022-11-20,-1 week ahead inc case,quantile,0.5,1953,seasonal_influenza
DE-BY,00+,2022-11-27,2022-11-20,-1 week ahead inc case,quantile,0.75,1963,seasonal_influenza
DE-BY,00+,2022-11-27,2022-11-20,-1 week ahead inc case,quantile,0.9,1972,seasonal_influenza
DE-BY,00+,2022-11-27,2022-11-20,-1 week ahead inc case,quantile,0.975,1981,seasonal_influenza
DE-BY,00+,2022-11-27,2022-11-27,0 week ahead inc case,mean,NA,3921.582,seasonal_influenza
DE-BY,00+,2022-11-27,2022-11-27,0 week ahead inc case,quantile,0.025,3761,seasonal_influenza
DE-BY,00+,2022-11-27,2022-11-27,0 week ahead inc case,quantile,0.1,3805,seasonal_influenza
DE-BY,00+,2022-11-27,2022-11-27,0 week ahead inc case,quantile,0.25,3847,seasonal_influenza
DE-BY,00+,2022-11-27,2022-11-27,0 week ahead inc case,quantile,0.5,3910,seasonal_influenza
DE-BY,00+,2022-11-27,2022-11-27,0 week ahead inc case,quantile,0.75,3976,seasonal_influenza
DE-BY,00+,2022-11-27,2022-11-27,0 week ahead inc case,quantile,0.9,4061,seasonal_influenza
DE-BY,00+,2022-11-27,2022-11-27,0 week ahead inc case,quantile,0.975,4149,seasonal_influenza
DE-HB,00+,2022-11-27,2022-10-30,-4 week ahead inc case,mean,NA,16,seasonal_influenza
DE-HB,00+,2022-11-27,2022-10-30,-4 week ahead inc case,quantile,0.025,16,seasonal_influenza
DE-HB,00+,2022-11-27,2022-10-30,-4 week ahead inc case,quantile,0.1,16,seasonal_influenza
DE-HB,00+,2022-11-27,2022-10-30,-4 week ahead inc case,quantile,0.25,16,seasonal_influenza
DE-HB,00+,2022-11-27,2022-10-30,-4 week ahead inc case,quantile,0.5,16,seasonal_influenza
DE-HB,00+,2022-11-27,2022-10-30,-4 week ahead inc case,quantile,0.75,16,seasonal_influenza
DE-HB,00+,2022-11-27,2022-10-30,-4 week ahead inc case,quantile,0.9,16,seasonal_influenza
DE-HB,00+,2022-11-27,2022-10-30,-4 week ahead inc case,quantile,0.975,16,seasonal_influenza
DE-HB,00+,2022-11-27,2022-11-06,-3 week ahead inc case,mean,NA,15.225,seasonal_influenza
DE-HB,00+,2022-11-27,2022-11-06,-3 week ahead inc case,quantile,0.025,15,seasonal_influenza
DE-HB,00+,2022-11-27,2022-11-06,-3 week ahead inc case,quantile,0.1,15,seasonal_influenza
DE-HB,00+,2022-11-27,2022-11-06,-3 week ahead inc case,quantile,0.25,15,seasonal_influenza
DE-HB,00+,2022-11-27,2022-11-06,-3 week ahead inc case,quantile,0.5,15,seasonal_influenza
DE-HB,00+,2022-11-27,2022-11-06,-3 week ahead inc case,quantile,0.75,15,seasonal_influenza
DE-HB,00+,2022-11-27,2022-11-06,-3 week ahead inc case,quantile,0.9,16,seasonal_influenza
DE-HB,00+,2022-11-27,2022-11-06,-3 week ahead inc case,quantile,0.975,17,seasonal_influenza
DE-HB,00+,2022-11-27,2022-11-13,-2 week ahead inc case,mean,NA,41.431,seasonal_influenza
DE-HB,00+,2022-11-27,2022-11-13,-2 week ahead inc case,quantile,0.025,41,seasonal_influenza
DE-HB,00+,2022-11-27,2022-11-13,-2 week ahead inc case,quantile,0.1,41,seasonal_influenza
DE-HB,00+,2022-11-27,2022-11-13,-2 week ahead inc case,quantile,0.25,41,seasonal_influenza
DE-HB,00+,2022-11-27,2022-11-13,-2 week ahead inc case,quantile,0.5,41,seasonal_influenza
DE-HB,00+,2022-11-27,2022-11-13,-2 week ahead inc case,quantile,0.75,42,seasonal_influenza
DE-HB,00+,2022-11-27,2022-11-13,-2 week ahead inc case,quantile,0.9,42,seasonal_influenza
DE-HB,00+,2022-11-27,2022-11-13,-2 week ahead inc case,quantile,0.975,43,seasonal_influenza
DE-HB,00+,2022-11-27,2022-11-20,-1 week ahead inc case,mean,NA,43.934,seasonal_influenza
DE-HB,00+,2022-11-27,2022-11-20,-1 week ahead inc case,quantile,0.025,43,seasonal_influenza
DE-HB,00+,2022-11-27,2022-11-20,-1 week ahead inc case,quantile,0.1,43,seasonal_influenza
DE-HB,00+,2022-11-27,2022-11-20,-1 week ahead inc case,quantile,0.25,43,seasonal_influenza
DE-HB,00+,2022-11-27,2022-11-20,-1 week ahead inc case,quantile,0.5,44,seasonal_influenza
DE-HB,00+,2022-11-27,2022-11-20,-1 week ahead inc case,quantile,0.75,44,seasonal_influenza
DE-HB,00+,2022-11-27,2022-11-20,-1 week ahead inc case,quantile,0.9,45,seasonal_influenza
DE-HB,00+,2022-11-27,2022-11-20,-1 week ahead inc case,quantile,0.975,46,seasonal_influenza
DE-HB,00+,2022-11-27,2022-11-27,0 week ahead inc case,mean,NA,28.142,seasonal_influenza
DE-HB,00+,2022-11-27,2022-11-27,0 week ahead inc case,quantile,0.025,23,seasonal_influenza
DE-HB,00+,2022-11-27,2022-11-27,0 week ahead inc case,quantile,0.1,24,seasonal_influenza
DE-HB,00+,2022-11-27,2022-11-27,0 week ahead inc case,quantile,0.25,25,seasonal_influenza
DE-HB,00+,2022-11-27,2022-11-27,0 week ahead inc case,quantile,0.5,28,seasonal_influenza
DE-HB,00+,2022-11-27,2022-11-27,0 week ahead inc case,quantile,0.75,30,seasonal_influenza
DE-HB,00+,2022-11-27,2022-11-27,0 week ahead inc case,quantile,0.9,33,seasonal_influenza
DE-HB,00+,2022-11-27,2022-11-27,0 week ahead inc case,quantile,0.975,37,seasonal_influenza
DE-HE,00+,2022-11-27,2022-10-30,-4 week ahead inc case,mean,NA,263,seasonal_influenza
DE-HE,00+,2022-11-27,2022-10-30,-4 week ahead inc case,quantile,0.025,263,seasonal_influenza
DE-HE,00+,2022-11-27,2022-10-30,-4 week ahead inc case,quantile,0.1,263,seasonal_influenza
DE-HE,00+,2022-11-27,2022-10-30,-4 week ahead inc case,quantile,0.25,263,seasonal_influenza
DE-HE,00+,2022-11-27,2022-10-30,-4 week ahead inc case,quantile,0.5,263,seasonal_influenza
DE-HE,00+,2022-11-27,2022-10-30,-4 week ahead inc case,quantile,0.75,263,seasonal_influenza
DE-HE,00+,2022-11-27,2022-10-30,-4 week ahead inc case,quantile,0.9,263,seasonal_influenza
DE-HE,00+,2022-11-27,2022-10-30,-4 week ahead inc case,quantile,0.975,263,seasonal_influenza
DE-HE,00+,2022-11-27,2022-11-06,-3 week ahead inc case,mean,NA,236.859,seasonal_influenza
DE-HE,00+,2022-11-27,2022-11-06,-3 week ahead inc case,quantile,0.025,235,seasonal_influenza
DE-HE,00+,2022-11-27,2022-11-06,-3 week ahead inc case,quantile,0.1,235,seasonal_influenza
DE-HE,00+,2022-11-27,2022-11-06,-3 week ahead inc case,quantile,0.25,236,seasonal_influenza
DE-HE,00+,2022-11-27,2022-11-06,-3 week ahead inc case,quantile,0.5,237,seasonal_influenza
DE-HE,00+,2022-11-27,2022-11-06,-3 week ahead inc case,quantile,0.75,238,seasonal_influenza
DE-HE,00+,2022-11-27,2022-11-06,-3 week ahead inc case,quantile,0.9,239,seasonal_influenza
DE-HE,00+,2022-11-27,2022-11-06,-3 week ahead inc case,quantile,0.975,241,seasonal_influenza
DE-HE,00+,2022-11-27,2022-11-13,-2 week ahead inc case,mean,NA,328.43,seasonal_influenza
DE-HE,00+,2022-11-27,2022-11-13,-2 week ahead inc case,quantile,0.025,324,seasonal_influenza
DE-HE,00+,2022-11-27,2022-11-13,-2 week ahead inc case,quantile,0.1,325,seasonal_influenza
DE-HE,00+,2022-11-27,2022-11-13,-2 week ahead inc case,quantile,0.25,327,seasonal_influenza
DE-HE,00+,2022-11-27,2022-11-13,-2 week ahead inc case,quantile,0.5,328,seasonal_influenza
DE-HE,00+,2022-11-27,2022-11-13,-2 week ahead inc case,quantile,0.75,330,seasonal_influenza
DE-HE,00+,2022-11-27,2022-11-13,-2 week ahead inc case,quantile,0.9,332,seasonal_influenza
DE-HE,00+,2022-11-27,2022-11-13,-2 week ahead inc case,quantile,0.975,335,seasonal_influenza
DE-HE,00+,2022-11-27,2022-11-20,-1 week ahead inc case,mean,NA,574.627,seasonal_influenza
DE-HE,00+,2022-11-27,2022-11-20,-1 week ahead inc case,quantile,0.025,567,seasonal_influenza
DE-HE,00+,2022-11-27,2022-11-20,-1 week ahead inc case,quantile,0.1,569,seasonal_influenza
DE-HE,00+,2022-11-27,2022-11-20,-1 week ahead inc case,quantile,0.25,571,seasonal_influenza
DE-HE,00+,2022-11-27,2022-11-20,-1 week ahead inc case,quantile,0.5,574,seasonal_influenza
DE-HE,00+,2022-11-27,2022-11-20,-1 week ahead inc case,quantile,0.75,577,seasonal_influenza
DE-HE,00+,2022-11-27,2022-11-20,-1 week ahead inc case,quantile,0.9,580,seasonal_influenza
DE-HE,00+,2022-11-27,2022-11-20,-1 week ahead inc case,quantile,0.975,585,seasonal_influenza
DE-HE,00+,2022-11-27,2022-11-27,0 week ahead inc case,mean,NA,987.249,seasonal_influenza
DE-HE,00+,2022-11-27,2022-11-27,0 week ahead inc case,quantile,0.025,954,seasonal_influenza
DE-HE,00+,2022-11-27,2022-11-27,0 week ahead inc case,quantile,0.1,963,seasonal_influenza
DE-HE,00+,2022-11-27,2022-11-27,0 week ahead inc case,quantile,0.25,973,seasonal_influenza
DE-HE,00+,2022-11-27,2022-11-27,0 week ahead inc case,quantile,0.5,985,seasonal_influenza
DE-HE,00+,2022-11-27,2022-11-27,0 week ahead inc case,quantile,0.75,999,seasonal_influenza
DE-HE,00+,2022-11-27,2022-11-27,0 week ahead inc case,quantile,0.9,1016,seasonal_influenza
DE-HE,00+,2022-11-27,2022-11-27,0 week ahead inc case,quantile,0.975,1036,seasonal_influenza
DE-HH,00+,2022-11-27,2022-10-30,-4 week ahead inc case,mean,NA,30,seasonal_influenza
DE-HH,00+,2022-11-27,2022-10-30,-4 week ahead inc case,quantile,0.025,30,seasonal_influenza
DE-HH,00+,2022-11-27,2022-10-30,-4 week ahead inc case,quantile,0.1,30,seasonal_influenza
DE-HH,00+,2022-11-27,2022-10-30,-4 week ahead inc case,quantile,0.25,30,seasonal_influenza
DE-HH,00+,2022-11-27,2022-10-30,-4 week ahead inc case,quantile,0.5,30,seasonal_influenza
DE-HH,00+,2022-11-27,2022-10-30,-4 week ahead inc case,quantile,0.75,30,seasonal_influenza
DE-HH,00+,2022-11-27,2022-10-30,-4 week ahead inc case,quantile,0.9,30,seasonal_influenza
DE-HH,00+,2022-11-27,2022-10-30,-4 week ahead inc case,quantile,0.975,30,seasonal_influenza
DE-HH,00+,2022-11-27,2022-11-06,-3 week ahead inc case,mean,NA,53.626,seasonal_influenza
DE-HH,00+,2022-11-27,2022-11-06,-3 week ahead inc case,quantile,0.025,53,seasonal_influenza
DE-HH,00+,2022-11-27,2022-11-06,-3 week ahead inc case,quantile,0.1,53,seasonal_influenza
DE-HH,00+,2022-11-27,2022-11-06,-3 week ahead inc case,quantile,0.25,53,seasonal_influenza
DE-HH,00+,2022-11-27,2022-11-06,-3 week ahead inc case,quantile,0.5,53,seasonal_influenza
DE-HH,00+,2022-11-27,2022-11-06,-3 week ahead inc case,quantile,0.75,54,seasonal_influenza
DE-HH,00+,2022-11-27,2022-11-06,-3 week ahead inc case,quantile,0.9,55,seasonal_influenza
DE-HH,00+,2022-11-27,2022-11-06,-3 week ahead inc case,quantile,0.975,56,seasonal_influenza
DE-HH,00+,2022-11-27,2022-11-13,-2 week ahead inc case,mean,NA,75.312,seasonal_influenza
DE-HH,00+,2022-11-27,2022-11-13,-2 week ahead inc case,quantile,0.025,74,seasonal_influenza
DE-HH,00+,2022-11-27,2022-11-13,-2 week ahead inc case,quantile,0.1,74,seasonal_influenza
DE-HH,00+,2022-11-27,2022-11-13,-2 week ahead inc case,quantile,0.25,74,seasonal_influenza
DE-HH,00+,2022-11-27,2022-11-13,-2 week ahead inc case,quantile,0.5,75,seasonal_influenza
DE-HH,00+,2022-11-27,2022-11-13,-2 week ahead inc case,quantile,0.75,76,seasonal_influenza
DE-HH,00+,2022-11-27,2022-11-13,-2 week ahead inc case,quantile,0.9,77,seasonal_influenza
DE-HH,00+,2022-11-27,2022-11-13,-2 week ahead inc case,quantile,0.975,79,seasonal_influenza
DE-HH,00+,2022-11-27,2022-11-20,-1 week ahead inc case,mean,NA,143.137,seasonal_influenza
DE-HH,00+,2022-11-27,2022-11-20,-1 week ahead inc case,quantile,0.025,139,seasonal_influenza
DE-HH,00+,2022-11-27,2022-11-20,-1 week ahead inc case,quantile,0.1,140,seasonal_influenza
DE-HH,00+,2022-11-27,2022-11-20,-1 week ahead inc case,quantile,0.25,141,seasonal_influenza
DE-HH,00+,2022-11-27,2022-11-20,-1 week ahead inc case,quantile,0.5,143,seasonal_influenza
DE-HH,00+,2022-11-27,2022-11-20,-1 week ahead inc case,quantile,0.75,145,seasonal_influenza
DE-HH,00+,2022-11-27,2022-11-20,-1 week ahead inc case,quantile,0.9,147,seasonal_influenza
DE-HH,00+,2022-11-27,2022-11-20,-1 week ahead inc case,quantile,0.975,149,seasonal_influenza
DE-HH,00+,2022-11-27,2022-11-27,0 week ahead inc case,mean,NA,269.863,seasonal_influenza
DE-HH,00+,2022-11-27,2022-11-27,0 week ahead inc case,quantile,0.025,248,seasonal_influenza
DE-HH,00+,2022-11-27,2022-11-27,0 week ahead inc case,quantile,0.1,254,seasonal_influenza
DE-HH,00+,2022-11-27,2022-11-27,0 week ahead inc case,quantile,0.25,260,seasonal_influenza
DE-HH,00+,2022-11-27,2022-11-27,0 week ahead inc case,quantile,0.5,269,seasonal_influenza
DE-HH,00+,2022-11-27,2022-11-27,0 week ahead inc case,quantile,0.75,278,seasonal_influenza
DE-HH,00+,2022-11-27,2022-11-27,0 week ahead inc case,quantile,0.9,287,seasonal_influenza
DE-HH,00+,2022-11-27,2022-11-27,0 week ahead inc case,quantile,0.975,299,seasonal_influenza
DE-MV,00+,2022-11-27,2022-10-30,-4 week ahead inc case,mean,NA,53,seasonal_influenza
DE-MV,00+,2022-11-27,2022-10-30,-4 week ahead inc case,quantile,0.025,53,seasonal_influenza
DE-MV,00+,2022-11-27,2022-10-30,-4 week ahead inc case,quantile,0.1,53,seasonal_influenza
DE-MV,00+,2022-11-27,2022-10-30,-4 week ahead inc case,quantile,0.25,53,seasonal_influenza
DE-MV,00+,2022-11-27,2022-10-30,-4 week ahead inc case,quantile,0.5,53,seasonal_influenza
DE-MV,00+,2022-11-27,2022-10-30,-4 week ahead inc case,quantile,0.75,53,seasonal_influenza
DE-MV,00+,2022-11-27,2022-10-30,-4 week ahead inc case,quantile,0.9,53,seasonal_influenza
DE-MV,00+,2022-11-27,2022-10-30,-4 week ahead inc case,quantile,0.975,53,seasonal_influenza
DE-MV,00+,2022-11-27,2022-11-06,-3 week ahead inc case,mean,NA,83.412,seasonal_influenza
DE-MV,00+,2022-11-27,2022-11-06,-3 week ahead inc case,quantile,0.025,81,seasonal_influenza
DE-MV,00+,2022-11-27,2022-11-06,-3 week ahead inc case,quantile,0.1,81,seasonal_influenza
DE-MV,00+,2022-11-27,2022-11-06,-3 week ahead inc case,quantile,0.25,82,seasonal_influenza
DE-MV,00+,2022-11-27,2022-11-06,-3 week ahead inc case,quantile,0.5,83,seasonal_influenza
DE-MV,00+,2022-11-27,2022-11-06,-3 week ahead inc case,quantile,0.75,84,seasonal_influenza
DE-MV,00+,2022-11-27,2022-11-06,-3 week ahead inc case,quantile,0.9,86,seasonal_influenza
DE-MV,00+,2022-11-27,2022-11-06,-3 week ahead inc case,quantile,0.975,89,seasonal_influenza
DE-MV,00+,2022-11-27,2022-11-13,-2 week ahead inc case,mean,NA,168.36,seasonal_influenza
DE-MV,00+,2022-11-27,2022-11-13,-2 week ahead inc case,quantile,0.025,164,seasonal_influenza
DE-MV,00+,2022-11-27,2022-11-13,-2 week ahead inc case,quantile,0.1,165,seasonal_influenza
DE-MV,00+,2022-11-27,2022-11-13,-2 week ahead inc case,quantile,0.25,166,seasonal_influenza
DE-MV,00+,2022-11-27,2022-11-13,-2 week ahead inc case,quantile,0.5,168,seasonal_influenza
DE-MV,00+,2022-11-27,2022-11-13,-2 week ahead inc case,quantile,0.75,170,seasonal_influenza
DE-MV,00+,2022-11-27,2022-11-13,-2 week ahead inc case,quantile,0.9,172,seasonal_influenza
DE-MV,00+,2022-11-27,2022-11-13,-2 week ahead inc case,quantile,0.975,175,seasonal_influenza
DE-MV,00+,2022-11-27,2022-11-20,-1 week ahead inc case,mean,NA,211.359,seasonal_influenza
DE-MV,00+,2022-11-27,2022-11-20,-1 week ahead inc case,quantile,0.025,204,seasonal_influenza
DE-MV,00+,2022-11-27,2022-11-20,-1 week ahead inc case,quantile,0.1,206,seasonal_influenza
DE-MV,00+,2022-11-27,2022-11-20,-1 week ahead inc case,quantile,0.25,208,seasonal_influenza
DE-MV,00+,2022-11-27,2022-11-20,-1 week ahead inc case,quantile,0.5,210,seasonal_influenza
DE-MV,00+,2022-11-27,2022-11-20,-1 week ahead inc case,quantile,0.75,214,seasonal_influenza
DE-MV,00+,2022-11-27,2022-11-20,-1 week ahead inc case,quantile,0.9,218,seasonal_influenza
DE-MV,00+,2022-11-27,2022-11-20,-1 week ahead inc case,quantile,0.975,223,seasonal_influenza
DE-MV,00+,2022-11-27,2022-11-27,0 week ahead inc case,mean,NA,473.819,seasonal_influenza
DE-MV,00+,2022-11-27,2022-11-27,0 week ahead inc case,quantile,0.025,447,seasonal_influenza
DE-MV,00+,2022-11-27,2022-11-27,0 week ahead inc case,quantile,0.1,454,seasonal_influenza
DE-MV,00+,2022-11-27,2022-11-27,0 week ahead inc case,quantile,0.25,462,seasonal_influenza
DE-MV,00+,2022-11-27,2022-11-27,0 week ahead inc case,quantile,0.5,472,seasonal_influenza
DE-MV,00+,2022-11-27,2022-11-27,0 week ahead inc case,quantile,0.75,484,seasonal_influenza
DE-MV,00+,2022-11-27,2022-11-27,0 week ahead inc case,quantile,0.9,495,seasonal_influenza
DE-MV,00+,2022-11-27,2022-11-27,0 week ahead inc case,quantile,0.975,509,seasonal_influenza
DE-NI,00+,2022-11-27,2022-10-30,-4 week ahead inc case,mean,NA,79,seasonal_influenza
DE-NI,00+,2022-11-27,2022-10-30,-4 week ahead inc case,quantile,0.025,79,seasonal_influenza
DE-NI,00+,2022-11-27,2022-10-30,-4 week ahead inc case,quantile,0.1,79,seasonal_influenza
DE-NI,00+,2022-11-27,2022-10-30,-4 week ahead inc case,quantile,0.25,79,seasonal_influenza
DE-NI,00+,2022-11-27,2022-10-30,-4 week ahead inc case,quantile,0.5,79,seasonal_influenza
DE-NI,00+,2022-11-27,2022-10-30,-4 week ahead inc case,quantile,0.75,79,seasonal_influenza
DE-NI,00+,2022-11-27,2022-10-30,-4 week ahead inc case,quantile,0.9,79,seasonal_influenza
DE-NI,00+,2022-11-27,2022-10-30,-4 week ahead inc case,quantile,0.975,79,seasonal_influenza
DE-NI,00+,2022-11-27,2022-11-06,-3 week ahead inc case,mean,NA,81.813,seasonal_influenza
DE-NI,00+,2022-11-27,2022-11-06,-3 week ahead inc case,quantile,0.025,81,seasonal_influenza
DE-NI,00+,2022-11-27,2022-11-06,-3 week ahead inc case,quantile,0.1,81,seasonal_influenza
DE-NI,00+,2022-11-27,2022-11-06,-3 week ahead inc case,quantile,0.25,81,seasonal_influenza
DE-NI,00+,2022-11-27,2022-11-06,-3 week ahead inc case,quantile,0.5,81,seasonal_influenza
DE-NI,00+,2022-11-27,2022-11-06,-3 week ahead inc case,quantile,0.75,82,seasonal_influenza
DE-NI,00+,2022-11-27,2022-11-06,-3 week ahead inc case,quantile,0.9,83,seasonal_influenza
DE-NI,00+,2022-11-27,2022-11-06,-3 week ahead inc case,quantile,0.975,85,seasonal_influenza
DE-NI,00+,2022-11-27,2022-11-13,-2 week ahead inc case,mean,NA,114.55,seasonal_influenza
DE-NI,00+,2022-11-27,2022-11-13,-2 week ahead inc case,quantile,0.025,113,seasonal_influenza
DE-NI,00+,2022-11-27,2022-11-13,-2 week ahead inc case,quantile,0.1,113,seasonal_influenza
DE-NI,00+,2022-11-27,2022-11-13,-2 week ahead inc case,quantile,0.25,113,seasonal_influenza
DE-NI,00+,2022-11-27,2022-11-13,-2 week ahead inc case,quantile,0.5,114,seasonal_influenza
DE-NI,00+,2022-11-27,2022-11-13,-2 week ahead inc case,quantile,0.75,115,seasonal_influenza
DE-NI,00+,2022-11-27,2022-11-13,-2 week ahead inc case,quantile,0.9,117,seasonal_influenza
DE-NI,00+,2022-11-27,2022-11-13,-2 week ahead inc case,quantile,0.975,118,seasonal_influenza
DE-NI,00+,2022-11-27,2022-11-20,-1 week ahead inc case,mean,NA,254.01,seasonal_influenza
DE-NI,00+,2022-11-27,2022-11-20,-1 week ahead inc case,quantile,0.025,250,seasonal_influenza
DE-NI,00+,2022-11-27,2022-11-20,-1 week ahead inc case,quantile,0.1,251,seasonal_influenza
DE-NI,00+,2022-11-27,2022-11-20,-1 week ahead inc case,quantile,0.25,252,seasonal_influenza
DE-NI,00+,2022-11-27,2022-11-20,-1 week ahead inc case,quantile,0.5,254,seasonal_influenza
DE-NI,00+,2022-11-27,2022-11-20,-1 week ahead inc case,quantile,0.75,255,seasonal_influenza
DE-NI,00+,2022-11-27,2022-11-20,-1 week ahead inc case,quantile,0.9,258,seasonal_influenza
DE-NI,00+,2022-11-27,2022-11-20,-1 week ahead inc case,quantile,0.975,261,seasonal_influenza
DE-NI,00+,2022-11-27,2022-11-27,0 week ahead inc case,mean,NA,593.814,seasonal_influenza
DE-NI,00+,2022-11-27,2022-11-27,0 week ahead inc case,quantile,0.025,565,seasonal_influenza
DE-NI,00+,2022-11-27,2022-11-27,0 week ahead inc case,quantile,0.1,572,seasonal_influenza
DE-NI,00+,2022-11-27,2022-11-27,0 week ahead inc case,quantile,0.25,580,seasonal_influenza
DE-NI,00+,2022-11-27,2022-11-27,0 week ahead inc case,quantile,0.5,591,seasonal_influenza
DE-NI,00+,2022-11-27,2022-11-27,0 week ahead inc case,quantile,0.75,605,seasonal_influenza
DE-NI,00+,2022-11-27,2022-11-27,0 week ahead inc case,quantile,0.9,618,seasonal_influenza
DE-NI,00+,2022-11-27,2022-11-27,0 week ahead inc case,quantile,0.975,639,seasonal_influenza
DE-NW,00+,2022-11-27,2022-10-30,-4 week ahead inc case,mean,NA,228,seasonal_influenza
DE-NW,00+,2022-11-27,2022-10-30,-4 week ahead inc case,quantile,0.025,228,seasonal_influenza
DE-NW,00+,2022-11-27,2022-10-30,-4 week ahead inc case,quantile,0.1,228,seasonal_influenza
DE-NW,00+,2022-11-27,2022-10-30,-4 week ahead inc case,quantile,0.25,228,seasonal_influenza
DE-NW,00+,2022-11-27,2022-10-30,-4 week ahead inc case,quantile,0.5,228,seasonal_influenza
DE-NW,00+,2022-11-27,2022-10-30,-4 week ahead inc case,quantile,0.75,228,seasonal_influenza
DE-NW,00+,2022-11-27,2022-10-30,-4 week ahead inc case,quantile,0.9,228,seasonal_influenza
DE-NW,00+,2022-11-27,2022-10-30,-4 week ahead inc case,quantile,0.975,228,seasonal_influenza
DE-NW,00+,2022-11-27,2022-11-06,-3 week ahead inc case,mean,NA,280.3,seasonal_influenza
DE-NW,00+,2022-11-27,2022-11-06,-3 week ahead inc case,quantile,0.025,278,seasonal_influenza
DE-NW,00+,2022-11-27,2022-11-06,-3 week ahead inc case,quantile,0.1,278,seasonal_influenza
DE-NW,00+,2022-11-27,2022-11-06,-3 week ahead inc case,quantile,0.25,279,seasonal_influenza
DE-NW,00+,2022-11-27,2022-11-06,-3 week ahead inc case,quantile,0.5,280,seasonal_influenza
DE-NW,00+,2022-11-27,2022-11-06,-3 week ahead inc case,quantile,0.75,281,seasonal_influenza
DE-NW,00+,2022-11-27,2022-11-06,-3 week ahead inc case,quantile,0.9,283,seasonal_influenza
DE-NW,00+,2022-11-27,2022-11-06,-3 week ahead inc case,quantile,0.975,285,seasonal_influenza
DE-NW,00+,2022-11-27,2022-11-13,-2 week ahead inc case,mean,NA,506.193,seasonal_influenza
DE-NW,00+,2022-11-27,2022-11-13,-2 week ahead inc case,quantile,0.025,502,seasonal_influenza
DE-NW,00+,2022-11-27,2022-11-13,-2 week ahead inc case,quantile,0.1,503,seasonal_influenza
DE-NW,00+,2022-11-27,2022-11-13,-2 week ahead inc case,quantile,0.25,504,seasonal_influenza
DE-NW,00+,2022-11-27,2022-11-13,-2 week ahead inc case,quantile,0.5,506,seasonal_influenza
DE-NW,00+,2022-11-27,2022-11-13,-2 week ahead inc case,quantile,0.75,508,seasonal_influenza
DE-NW,00+,2022-11-27,2022-11-13,-2 week ahead inc case,quantile,0.9,510,seasonal_influenza
DE-NW,00+,2022-11-27,2022-11-13,-2 week ahead inc case,quantile,0.975,514,seasonal_influenza
DE-NW,00+,2022-11-27,2022-11-20,-1 week ahead inc case,mean,NA,1080.401,seasonal_influenza
DE-NW,00+,2022-11-27,2022-11-20,-1 week ahead inc case,quantile,0.025,1069,seasonal_influenza
DE-NW,00+,2022-11-27,2022-11-20,-1 week ahead inc case,quantile,0.1,1072,seasonal_influenza
DE-NW,00+,2022-11-27,2022-11-20,-1 week ahead inc case,quantile,0.25,1075,seasonal_influenza
DE-NW,00+,2022-11-27,2022-11-20,-1 week ahead inc case,quantile,0.5,1079,seasonal_influenza
DE-NW,00+,2022-11-27,2022-11-20,-1 week ahead inc case,quantile,0.75,1084,seasonal_influenza
DE-NW,00+,2022-11-27,2022-11-20,-1 week ahead inc case,quantile,0.9,1090,seasonal_influenza
DE-NW,00+,2022-11-27,2022-11-20,-1 week ahead inc case,quantile,0.975,1098,seasonal_influenza
DE-NW,00+,2022-11-27,2022-11-27,0 week ahead inc case,mean,NA,2075.397,seasonal_influenza
DE-NW,00+,2022-11-27,2022-11-27,0 week ahead inc case,quantile,0.025,1958,seasonal_influenza
DE-NW,00+,2022-11-27,2022-11-27,0 week ahead inc case,quantile,0.1,1992,seasonal_influenza
DE-NW,00+,2022-11-27,2022-11-27,0 week ahead inc case,quantile,0.25,2023,seasonal_influenza
DE-NW,00+,2022-11-27,2022-11-27,0 week ahead inc case,quantile,0.5,2067,seasonal_influenza
DE-NW,00+,2022-11-27,2022-11-27,0 week ahead inc case,quantile,0.75,2119,seasonal_influenza
DE-NW,00+,2022-11-27,2022-11-27,0 week ahead inc case,quantile,0.9,2172,seasonal_influenza
DE-NW,00+,2022-11-27,2022-11-27,0 week ahead inc case,quantile,0.975,2248,seasonal_influenza
DE-RP,00+,2022-11-27,2022-10-30,-4 week ahead inc case,mean,NA,136,seasonal_influenza
DE-RP,00+,2022-11-27,2022-10-30,-4 week ahead inc case,quantile,0.025,136,seasonal_influenza
DE-RP,00+,2022-11-27,2022-10-30,-4 week ahead inc case,quantile,0.1,136,seasonal_influenza
DE-RP,00+,2022-11-27,2022-10-30,-4 week ahead inc case,quantile,0.25,136,seasonal_influenza
DE-RP,00+,2022-11-27,2022-10-30,-4 week ahead inc case,quantile,0.5,136,seasonal_influenza
DE-RP,00+,2022-11-27,2022-10-30,-4 week ahead inc case,quantile,0.75,136,seasonal_influenza
DE-RP,00+,2022-11-27,2022-10-30,-4 week ahead inc case,quantile,0.9,136,seasonal_influenza
DE-RP,00+,2022-11-27,2022-10-30,-4 week ahead inc case,quantile,0.975,136,seasonal_influenza
DE-RP,00+,2022-11-27,2022-11-06,-3 week ahead inc case,mean,NA,118.867,seasonal_influenza
DE-RP,00+,2022-11-27,2022-11-06,-3 week ahead inc case,quantile,0.025,118,seasonal_influenza
DE-RP,00+,2022-11-27,2022-11-06,-3 week ahead inc case,quantile,0.1,118,seasonal_influenza
DE-RP,00+,2022-11-27,2022-11-06,-3 week ahead inc case,quantile,0.25,118,seasonal_influenza
DE-RP,00+,2022-11-27,2022-11-06,-3 week ahead inc case,quantile,0.5,119,seasonal_influenza
DE-RP,00+,2022-11-27,2022-11-06,-3 week ahead inc case,quantile,0.75,119,seasonal_influenza
DE-RP,00+,2022-11-27,2022-11-06,-3 week ahead inc case,quantile,0.9,120,seasonal_influenza
DE-RP,00+,2022-11-27,2022-11-06,-3 week ahead inc case,quantile,0.975,121,seasonal_influenza
DE-RP,00+,2022-11-27,2022-11-13,-2 week ahead inc case,mean,NA,131.447,seasonal_influenza
DE-RP,00+,2022-11-27,2022-11-13,-2 week ahead inc case,quantile,0.025,127,seasonal_influenza
DE-RP,00+,2022-11-27,2022-11-13,-2 week ahead inc case,quantile,0.1,128,seasonal_influenza
DE-RP,00+,2022-11-27,2022-11-13,-2 week ahead inc case,quantile,0.25,129,seasonal_influenza
DE-RP,00+,2022-11-27,2022-11-13,-2 week ahead inc case,quantile,0.5,131,seasonal_influenza
DE-RP,00+,2022-11-27,2022-11-13,-2 week ahead inc case,quantile,0.75,133,seasonal_influenza
DE-RP,00+,2022-11-27,2022-11-13,-2 week ahead inc case,quantile,0.9,135,seasonal_influenza
DE-RP,00+,2022-11-27,2022-11-13,-2 week ahead inc case,quantile,0.975,138,seasonal_influenza
DE-RP,00+,2022-11-27,2022-11-20,-1 week ahead inc case,mean,NA,236.275,seasonal_influenza
DE-RP,00+,2022-11-27,2022-11-20,-1 week ahead inc case,quantile,0.025,228,seasonal_influenza
DE-RP,00+,2022-11-27,2022-11-20,-1 week ahead inc case,quantile,0.1,230,seasonal_influenza
DE-RP,00+,2022-11-27,2022-11-20,-1 week ahead inc case,quantile,0.25,233,seasonal_influenza
DE-RP,00+,2022-11-27,2022-11-20,-1 week ahead inc case,quantile,0.5,236,seasonal_influenza
DE-RP,00+,2022-11-27,2022-11-20,-1 week ahead inc case,quantile,0.75,239,seasonal_influenza
DE-RP,00+,2022-11-27,2022-11-20,-1 week ahead inc case,quantile,0.9,243,seasonal_influenza
DE-RP,00+,2022-11-27,2022-11-20,-1 week ahead inc case,quantile,0.975,248,seasonal_influenza
DE-RP,00+,2022-11-27,2022-11-27,0 week ahead inc case,mean,NA,526.973,seasonal_influenza
DE-RP,00+,2022-11-27,2022-11-27,0 week ahead inc case,quantile,0.025,505,seasonal_influenza
DE-RP,00+,2022-11-27,2022-11-27,0 week ahead inc case,quantile,0.1,512,seasonal_influenza
DE-RP,00+,2022-11-27,2022-11-27,0 week ahead inc case,quantile,0.25,518,seasonal_influenza
DE-RP,00+,2022-11-27,2022-11-27,0 week ahead inc case,quantile,0.5,526,seasonal_influenza
DE-RP,00+,2022-11-27,2022-11-27,0 week ahead inc case,quantile,0.75,534,seasonal_influenza
DE-RP,00+,2022-11-27,2022-11-27,0 week ahead inc case,quantile,0.9,544,seasonal_influenza
DE-RP,00+,2022-11-27,2022-11-27,0 week ahead inc case,quantile,0.975,556,seasonal_influenza
DE-SH,00+,2022-11-27,2022-10-30,-4 week ahead inc case,mean,NA,35,seasonal_influenza
DE-SH,00+,2022-11-27,2022-10-30,-4 week ahead inc case,quantile,0.025,35,seasonal_influenza
DE-SH,00+,2022-11-27,2022-10-30,-4 week ahead inc case,quantile,0.1,35,seasonal_influenza
DE-SH,00+,2022-11-27,2022-10-30,-4 week ahead inc case,quantile,0.25,35,seasonal_influenza
DE-SH,00+,2022-11-27,2022-10-30,-4 week ahead inc case,quantile,0.5,35,seasonal_influenza
DE-SH,00+,2022-11-27,2022-10-30,-4 week ahead inc case,quantile,0.75,35,seasonal_influenza
DE-SH,00+,2022-11-27,2022-10-30,-4 week ahead inc case,quantile,0.9,35,seasonal_influenza
DE-SH,00+,2022-11-27,2022-10-30,-4 week ahead inc case,quantile,0.975,35,seasonal_influenza
DE-SH,00+,2022-11-27,2022-11-06,-3 week ahead inc case,mean,NA,39.446,seasonal_influenza
DE-SH,00+,2022-11-27,2022-11-06,-3 week ahead inc case,quantile,0.025,39,seasonal_influenza
DE-SH,00+,2022-11-27,2022-11-06,-3 week ahead inc case,quantile,0.1,39,seasonal_influenza
DE-SH,00+,2022-11-27,2022-11-06,-3 week ahead inc case,quantile,0.25,39,seasonal_influenza
DE-SH,00+,2022-11-27,2022-11-06,-3 week ahead inc case,quantile,0.5,39,seasonal_influenza
DE-SH,00+,2022-11-27,2022-11-06,-3 week ahead inc case,quantile,0.75,40,seasonal_influenza
DE-SH,00+,2022-11-27,2022-11-06,-3 week ahead inc case,quantile,0.9,40,seasonal_influenza
DE-SH,00+,2022-11-27,2022-11-06,-3 week ahead inc case,quantile,0.975,41,seasonal_influenza
DE-SH,00+,2022-11-27,2022-11-13,-2 week ahead inc case,mean,NA,80.046,seasonal_influenza
DE-SH,00+,2022-11-27,2022-11-13,-2 week ahead inc case,quantile,0.025,79,seasonal_influenza
DE-SH,00+,2022-11-27,2022-11-13,-2 week ahead inc case,quantile,0.1,79,seasonal_influenza
DE-SH,00+,2022-11-27,2022-11-13,-2 week ahead inc case,quantile,0.25,79,seasonal_influenza
DE-SH,00+,2022-11-27,2022-11-13,-2 week ahead inc case,quantile,0.5,80,seasonal_influenza
DE-SH,00+,2022-11-27,2022-11-13,-2 week ahead inc case,quantile,0.75,81,seasonal_influenza
DE-SH,00+,2022-11-27,2022-11-13,-2 week ahead inc case,quantile,0.9,82,seasonal_influenza
DE-SH,00+,2022-11-27,2022-11-13,-2 week ahead inc case,quantile,0.975,83,seasonal_influenza
DE-SH,00+,2022-11-27,2022-11-20,-1 week ahead inc case,mean,NA,162.46,seasonal_influenza
DE-SH,00+,2022-11-27,2022-11-20,-1 week ahead inc case,quantile,0.025,159,seasonal_influenza
DE-SH,00+,2022-11-27,2022-11-20,-1 week ahead inc case,quantile,0.1,160,seasonal_influenza
DE-SH,00+,2022-11-27,2022-11-20,-1 week ahead inc case,quantile,0.25,161,seasonal_influenza
DE-SH,00+,2022-11-27,2022-11-20,-1 week ahead inc case,quantile,0.5,162,seasonal_influenza
DE-SH,00+,2022-11-27,2022-11-20,-1 week ahead inc case,quantile,0.75,164,seasonal_influenza
DE-SH,00+,2022-11-27,2022-11-20,-1 week ahead inc case,quantile,0.9,166,seasonal_influenza
DE-SH,00+,2022-11-27,2022-11-20,-1 week ahead inc case,quantile,0.975,168,seasonal_influenza
DE-SH,00+,2022-11-27,2022-11-27,0 week ahead inc case,mean,NA,224.194,seasonal_influenza
DE-SH,00+,2022-11-27,2022-11-27,0 week ahead inc case,quantile,0.025,209,seasonal_influenza
DE-SH,00+,2022-11-27,2022-11-27,0 week ahead inc case,quantile,0.1,212,seasonal_influenza
DE-SH,00+,2022-11-27,2022-11-27,0 week ahead inc case,quantile,0.25,217,seasonal_influenza
DE-SH,00+,2022-11-27,2022-11-27,0 week ahead inc case,quantile,0.5,223,seasonal_influenza
DE-SH,00+,2022-11-27,2022-11-27,0 week ahead inc case,quantile,0.75,230,seasonal_influenza
DE-SH,00+,2022-11-27,2022-11-27,0 week ahead inc case,quantile,0.9,237,seasonal_influenza
DE-SH,00+,2022-11-27,2022-11-27,0 week ahead inc case,quantile,0.975,248,seasonal_influenza
DE-SL,00+,2022-11-27,2022-10-30,-4 week ahead inc case,mean,NA,20,seasonal_influenza
DE-SL,00+,2022-11-27,2022-10-30,-4 week ahead inc case,quantile,0.025,20,seasonal_influenza
DE-SL,00+,2022-11-27,2022-10-30,-4 week ahead inc case,quantile,0.1,20,seasonal_influenza
DE-SL,00+,2022-11-27,2022-10-30,-4 week ahead inc case,quantile,0.25,20,seasonal_influenza
DE-SL,00+,2022-11-27,2022-10-30,-4 week ahead inc case,quantile,0.5,20,seasonal_influenza
DE-SL,00+,2022-11-27,2022-10-30,-4 week ahead inc case,quantile,0.75,20,seasonal_influenza
DE-SL,00+,2022-11-27,2022-10-30,-4 week ahead inc case,quantile,0.9,20,seasonal_influenza
DE-SL,00+,2022-11-27,2022-10-30,-4 week ahead inc case,quantile,0.975,20,seasonal_influenza
DE-SL,00+,2022-11-27,2022-11-06,-3 week ahead inc case,mean,NA,13.161,seasonal_influenza
DE-SL,00+,2022-11-27,2022-11-06,-3 week ahead inc case,quantile,0.025,13,seasonal_influenza
DE-SL,00+,2022-11-27,2022-11-06,-3 week ahead inc case,quantile,0.1,13,seasonal_influenza
DE-SL,00+,2022-11-27,2022-11-06,-3 week ahead inc case,quantile,0.25,13,seasonal_influenza
DE-SL,00+,2022-11-27,2022-11-06,-3 week ahead inc case,quantile,0.5,13,seasonal_influenza
DE-SL,00+,2022-11-27,2022-11-06,-3 week ahead inc case,quantile,0.75,13,seasonal_influenza
DE-SL,00+,2022-11-27,2022-11-06,-3 week ahead inc case,quantile,0.9,14,seasonal_influenza
DE-SL,00+,2022-11-27,2022-11-06,-3 week ahead inc case,quantile,0.975,14,seasonal_influenza
DE-SL,00+,2022-11-27,2022-11-13,-2 week ahead inc case,mean,NA,19.398,seasonal_influenza
DE-SL,00+,2022-11-27,2022-11-13,-2 week ahead inc case,quantile,0.025,19,seasonal_influenza
DE-SL,00+,2022-11-27,2022-11-13,-2 week ahead inc case,quantile,0.1,19,seasonal_influenza
DE-SL,00+,2022-11-27,2022-11-13,-2 week ahead inc case,quantile,0.25,19,seasonal_influenza
DE-SL,00+,2022-11-27,2022-11-13,-2 week ahead inc case,quantile,0.5,19,seasonal_influenza
DE-SL,00+,2022-11-27,2022-11-13,-2 week ahead inc case,quantile,0.75,20,seasonal_influenza
DE-SL,00+,2022-11-27,2022-11-13,-2 week ahead inc case,quantile,0.9,20,seasonal_influenza
DE-SL,00+,2022-11-27,2022-11-13,-2 week ahead inc case,quantile,0.975,21,seasonal_influenza
DE-SL,00+,2022-11-27,2022-11-20,-1 week ahead inc case,mean,NA,30.148,seasonal_influenza
DE-SL,00+,2022-11-27,2022-11-20,-1 week ahead inc case,quantile,0.025,29,seasonal_influenza
DE-SL,00+,2022-11-27,2022-11-20,-1 week ahead inc case,quantile,0.1,29,seasonal_influenza
DE-SL,00+,2022-11-27,2022-11-20,-1 week ahead inc case,quantile,0.25,29,seasonal_influenza
DE-SL,00+,2022-11-27,2022-11-20,-1 week ahead inc case,quantile,0.5,30,seasonal_influenza
DE-SL,00+,2022-11-27,2022-11-20,-1 week ahead inc case,quantile,0.75,31,seasonal_influenza
DE-SL,00+,2022-11-27,2022-11-20,-1 week ahead inc case,quantile,0.9,32,seasonal_influenza
DE-SL,00+,2022-11-27,2022-11-20,-1 week ahead inc case,quantile,0.975,33,seasonal_influenza
DE-SL,00+,2022-11-27,2022-11-27,0 week ahead inc case,mean,NA,74.005,seasonal_influenza
DE-SL,00+,2022-11-27,2022-11-27,0 week ahead inc case,quantile,0.025,67,seasonal_influenza
DE-SL,00+,2022-11-27,2022-11-27,0 week ahead inc case,quantile,0.1,69,seasonal_influenza
DE-SL,00+,2022-11-27,2022-11-27,0 week ahead inc case,quantile,0.25,70,seasonal_influenza
DE-SL,00+,2022-11-27,2022-11-27,0 week ahead inc case,quantile,0.5,73,seasonal_influenza
DE-SL,00+,2022-11-27,2022-11-27,0 week ahead inc case,quantile,0.75,77,seasonal_influenza
DE-SL,00+,2022-11-27,2022-11-27,0 week ahead inc case,quantile,0.9,80,seasonal_influenza
DE-SL,00+,2022-11-27,2022-11-27,0 week ahead inc case,quantile,0.975,83,seasonal_influenza
DE-SN,00+,2022-11-27,2022-10-30,-4 week ahead inc case,mean,NA,79,seasonal_influenza
DE-SN,00+,2022-11-27,2022-10-30,-4 week ahead inc case,quantile,0.025,79,seasonal_influenza
DE-SN,00+,2022-11-27,2022-10-30,-4 week ahead inc case,quantile,0.1,79,seasonal_influenza
DE-SN,00+,2022-11-27,2022-10-30,-4 week ahead inc case,quantile,0.25,79,seasonal_influenza
DE-SN,00+,2022-11-27,2022-10-30,-4 week ahead inc case,quantile,0.5,79,seasonal_influenza
DE-SN,00+,2022-11-27,2022-10-30,-4 week ahead inc case,quantile,0.75,79,seasonal_influenza
DE-SN,00+,2022-11-27,2022-10-30,-4 week ahead inc case,quantile,0.9,79,seasonal_influenza
DE-SN,00+,2022-11-27,2022-10-30,-4 week ahead inc case,quantile,0.975,79,seasonal_influenza
DE-SN,00+,2022-11-27,2022-11-06,-3 week ahead inc case,mean,NA,88.398,seasonal_influenza
DE-SN,00+,2022-11-27,2022-11-06,-3 week ahead inc case,quantile,0.025,88,seasonal_influenza
DE-SN,00+,2022-11-27,2022-11-06,-3 week ahead inc case,quantile,0.1,88,seasonal_influenza
DE-SN,00+,2022-11-27,2022-11-06,-3 week ahead inc case,quantile,0.25,88,seasonal_influenza
DE-SN,00+,2022-11-27,2022-11-06,-3 week ahead inc case,quantile,0.5,88,seasonal_influenza
DE-SN,00+,2022-11-27,2022-11-06,-3 week ahead inc case,quantile,0.75,89,seasonal_influenza
DE-SN,00+,2022-11-27,2022-11-06,-3 week ahead inc case,quantile,0.9,89,seasonal_influenza
DE-SN,00+,2022-11-27,2022-11-06,-3 week ahead inc case,quantile,0.975,90,seasonal_influenza
DE-SN,00+,2022-11-27,2022-11-13,-2 week ahead inc case,mean,NA,154.863,seasonal_influenza
DE-SN,00+,2022-11-27,2022-11-13,-2 week ahead inc case,quantile,0.025,154,seasonal_influenza
DE-SN,00+,2022-11-27,2022-11-13,-2 week ahead inc case,quantile,0.1,154,seasonal_influenza
DE-SN,00+,2022-11-27,2022-11-13,-2 week ahead inc case,quantile,0.25,154,seasonal_influenza
DE-SN,00+,2022-11-27,2022-11-13,-2 week ahead inc case,quantile,0.5,155,seasonal_influenza
DE-SN,00+,2022-11-27,2022-11-13,-2 week ahead inc case,quantile,0.75,155,seasonal_influenza
DE-SN,00+,2022-11-27,2022-11-13,-2 week ahead inc case,quantile,0.9,156,seasonal_influenza
DE-SN,00+,2022-11-27,2022-11-13,-2 week ahead inc case,quantile,0.975,157,seasonal_influenza
DE-SN,00+,2022-11-27,2022-11-20,-1 week ahead inc case,mean,NA,285.658,seasonal_influenza
DE-SN,00+,2022-11-27,2022-11-20,-1 week ahead inc case,quantile,0.025,282,seasonal_influenza
DE-SN,00+,2022-11-27,2022-11-20,-1 week ahead inc case,quantile,0.1,283,seasonal_influenza
DE-SN,00+,2022-11-27,2022-11-20,-1 week ahead inc case,quantile,0.25,284,seasonal_influenza
DE-SN,00+,2022-11-27,2022-11-20,-1 week ahead inc case,quantile,0.5,285,seasonal_influenza
DE-SN,00+,2022-11-27,2022-11-20,-1 week ahead inc case,quantile,0.75,287,seasonal_influenza
DE-SN,00+,2022-11-27,2022-11-20,-1 week ahead inc case,quantile,0.9,289,seasonal_influenza
DE-SN,00+,2022-11-27,2022-11-20,-1 week ahead inc case,quantile,0.975,292,seasonal_influenza
DE-SN,00+,2022-11-27,2022-11-27,0 week ahead inc case,mean,NA,718.282,seasonal_influenza
DE-SN,00+,2022-11-27,2022-11-27,0 week ahead inc case,quantile,0.025,667,seasonal_influenza
DE-SN,00+,2022-11-27,2022-11-27,0 week ahead inc case,quantile,0.1,679,seasonal_influenza
DE-SN,00+,2022-11-27,2022-11-27,0 week ahead inc case,quantile,0.25,696,seasonal_influenza
DE-SN,00+,2022-11-27,2022-11-27,0 week ahead inc case,quantile,0.5,715,seasonal_influenza
DE-SN,00+,2022-11-27,2022-11-27,0 week ahead inc case,quantile,0.75,737,seasonal_influenza
DE-SN,00+,2022-11-27,2022-11-27,0 week ahead inc case,quantile,0.9,764,seasonal_influenza
DE-SN,00+,2022-11-27,2022-11-27,0 week ahead inc case,quantile,0.975,798,seasonal_influenza
DE-ST,00+,2022-11-27,2022-10-30,-4 week ahead inc case,mean,NA,100,seasonal_influenza
DE-ST,00+,2022-11-27,2022-10-30,-4 week ahead inc case,quantile,0.025,100,seasonal_influenza
DE-ST,00+,2022-11-27,2022-10-30,-4 week ahead inc case,quantile,0.1,100,seasonal_influenza
DE-ST,00+,2022-11-27,2022-10-30,-4 week ahead inc case,quantile,0.25,100,seasonal_influenza
DE-ST,00+,2022-11-27,2022-10-30,-4 week ahead inc case,quantile,0.5,100,seasonal_influenza
DE-ST,00+,2022-11-27,2022-10-30,-4 week ahead inc case,quantile,0.75,100,seasonal_influenza
DE-ST,00+,2022-11-27,2022-10-30,-4 week ahead inc case,quantile,0.9,100,seasonal_influenza
DE-ST,00+,2022-11-27,2022-10-30,-4 week ahead inc case,quantile,0.975,100,seasonal_influenza
DE-ST,00+,2022-11-27,2022-11-06,-3 week ahead inc case,mean,NA,97.45,seasonal_influenza
DE-ST,00+,2022-11-27,2022-11-06,-3 week ahead inc case,quantile,0.025,97,seasonal_influenza
DE-ST,00+,2022-11-27,2022-11-06,-3 week ahead inc case,quantile,0.1,97,seasonal_influenza
DE-ST,00+,2022-11-27,2022-11-06,-3 week ahead inc case,quantile,0.25,97,seasonal_influenza
DE-ST,00+,2022-11-27,2022-11-06,-3 week ahead inc case,quantile,0.5,97,seasonal_influenza
DE-ST,00+,2022-11-27,2022-11-06,-3 week ahead inc case,quantile,0.75,98,seasonal_influenza
DE-ST,00+,2022-11-27,2022-11-06,-3 week ahead inc case,quantile,0.9,98,seasonal_influenza
DE-ST,00+,2022-11-27,2022-11-06,-3 week ahead inc case,quantile,0.975,99,seasonal_influenza
DE-ST,00+,2022-11-27,2022-11-13,-2 week ahead inc case,mean,NA,177.993,seasonal_influenza
DE-ST,00+,2022-11-27,2022-11-13,-2 week ahead inc case,quantile,0.025,177,seasonal_influenza
DE-ST,00+,2022-11-27,2022-11-13,-2 week ahead inc case,quantile,0.1,177,seasonal_influenza
DE-ST,00+,2022-11-27,2022-11-13,-2 week ahead inc case,quantile,0.25,177,seasonal_influenza
DE-ST,00+,2022-11-27,2022-11-13,-2 week ahead inc case,quantile,0.5,178,seasonal_influenza
DE-ST,00+,2022-11-27,2022-11-13,-2 week ahead inc case,quantile,0.75,179,seasonal_influenza
DE-ST,00+,2022-11-27,2022-11-13,-2 week ahead inc case,quantile,0.9,179,seasonal_influenza
DE-ST,00+,2022-11-27,2022-11-13,-2 week ahead inc case,quantile,0.975,181,seasonal_influenza
DE-ST,00+,2022-11-27,2022-11-20,-1 week ahead inc case,mean,NA,346.982,seasonal_influenza
DE-ST,00+,2022-11-27,2022-11-20,-1 week ahead inc case,quantile,0.025,343,seasonal_influenza
DE-ST,00+,2022-11-27,2022-11-20,-1 week ahead inc case,quantile,0.1,344,seasonal_influenza
DE-ST,00+,2022-11-27,2022-11-20,-1 week ahead inc case,quantile,0.25,345,seasonal_influenza
DE-ST,00+,2022-11-27,2022-11-20,-1 week ahead inc case,quantile,0.5,347,seasonal_influenza
DE-ST,00+,2022-11-27,2022-11-20,-1 week ahead inc case,quantile,0.75,348,seasonal_influenza
DE-ST,00+,2022-11-27,2022-11-20,-1 week ahead inc case,quantile,0.9,350,seasonal_influenza
DE-ST,00+,2022-11-27,2022-11-20,-1 week ahead inc case,quantile,0.975,353,seasonal_influenza
DE-ST,00+,2022-11-27,2022-11-27,0 week ahead inc case,mean,NA,1336.235,seasonal_influenza
DE-ST,00+,2022-11-27,2022-11-27,0 week ahead inc case,quantile,0.025,1260,seasonal_influenza
DE-ST,00+,2022-11-27,2022-11-27,0 week ahead inc case,quantile,0.1,1278,seasonal_influenza
DE-ST,00+,2022-11-27,2022-11-27,0 week ahead inc case,quantile,0.25,1302,seasonal_influenza
DE-ST,00+,2022-11-27,2022-11-27,0 week ahead inc case,quantile,0.5,1329,seasonal_influenza
DE-ST,00+,2022-11-27,2022-11-27,0 week ahead inc case,quantile,0.75,1364,seasonal_influenza
DE-ST,00+,2022-11-27,2022-11-27,0 week ahead inc case,quantile,0.9,1405,seasonal_influenza
DE-ST,00+,2022-11-27,2022-11-27,0 week ahead inc case,quantile,0.975,1447,seasonal_influenza
DE-TH,00+,2022-11-27,2022-10-30,-4 week ahead inc case,mean,NA,90,seasonal_influenza
DE-TH,00+,2022-11-27,2022-10-30,-4 week ahead inc case,quantile,0.025,90,seasonal_influenza
DE-TH,00+,2022-11-27,2022-10-30,-4 week ahead inc case,quantile,0.1,90,seasonal_influenza
DE-TH,00+,2022-11-27,2022-10-30,-4 week ahead inc case,quantile,0.25,90,seasonal_influenza
DE-TH,00+,2022-11-27,2022-10-30,-4 week ahead inc case,quantile,0.5,90,seasonal_influenza
DE-TH,00+,2022-11-27,2022-10-30,-4 week ahead inc case,quantile,0.75,90,seasonal_influenza
DE-TH,00+,2022-11-27,2022-10-30,-4 week ahead inc case,quantile,0.9,90,seasonal_influenza
DE-TH,00+,2022-11-27,2022-10-30,-4 week ahead inc case,quantile,0.975,90,seasonal_influenza
DE-TH,00+,2022-11-27,2022-11-06,-3 week ahead inc case,mean,NA,102.563,seasonal_influenza
DE-TH,00+,2022-11-27,2022-11-06,-3 week ahead inc case,quantile,0.025,102,seasonal_influenza
DE-TH,00+,2022-11-27,2022-11-06,-3 week ahead inc case,quantile,0.1,102,seasonal_influenza
DE-TH,00+,2022-11-27,2022-11-06,-3 week ahead inc case,quantile,0.25,102,seasonal_influenza
DE-TH,00+,2022-11-27,2022-11-06,-3 week ahead inc case,quantile,0.5,102,seasonal_influenza
DE-TH,00+,2022-11-27,2022-11-06,-3 week ahead inc case,quantile,0.75,103,seasonal_influenza
DE-TH,00+,2022-11-27,2022-11-06,-3 week ahead inc case,quantile,0.9,104,seasonal_influenza
DE-TH,00+,2022-11-27,2022-11-06,-3 week ahead inc case,quantile,0.975,105,seasonal_influenza
DE-TH,00+,2022-11-27,2022-11-13,-2 week ahead inc case,mean,NA,310.881,seasonal_influenza
DE-TH,00+,2022-11-27,2022-11-13,-2 week ahead inc case,quantile,0.025,309,seasonal_influenza
DE-TH,00+,2022-11-27,2022-11-13,-2 week ahead inc case,quantile,0.1,309,seasonal_influenza
DE-TH,00+,2022-11-27,2022-11-13,-2 week ahead inc case,quantile,0.25,310,seasonal_influenza
DE-TH,00+,2022-11-27,2022-11-13,-2 week ahead inc case,quantile,0.5,310,seasonal_influenza
DE-TH,00+,2022-11-27,2022-11-13,-2 week ahead inc case,quantile,0.75,312,seasonal_influenza
DE-TH,00+,2022-11-27,2022-11-13,-2 week ahead inc case,quantile,0.9,313,seasonal_influenza
DE-TH,00+,2022-11-27,2022-11-13,-2 week ahead inc case,quantile,0.975,315,seasonal_influenza
DE-TH,00+,2022-11-27,2022-11-20,-1 week ahead inc case,mean,NA,661.721,seasonal_influenza
DE-TH,00+,2022-11-27,2022-11-20,-1 week ahead inc case,quantile,0.025,655,seasonal_influenza
DE-TH,00+,2022-11-27,2022-11-20,-1 week ahead inc case,quantile,0.1,657,seasonal_influenza
DE-TH,00+,2022-11-27,2022-11-20,-1 week ahead inc case,quantile,0.25,659,seasonal_influenza
DE-TH,00+,2022-11-27,2022-11-20,-1 week ahead inc case,quantile,0.5,661,seasonal_influenza
DE-TH,00+,2022-11-27,2022-11-20,-1 week ahead inc case,quantile,0.75,664,seasonal_influenza
DE-TH,00+,2022-11-27,2022-11-20,-1 week ahead inc case,quantile,0.9,668,seasonal_influenza
DE-TH,00+,2022-11-27,2022-11-20,-1 week ahead inc case,quantile,0.975,673,seasonal_influenza
DE-TH,00+,2022-11-27,2022-11-27,0 week ahead inc case,mean,NA,1708.405,seasonal_influenza
DE-TH,00+,2022-11-27,2022-11-27,0 week ahead inc case,quantile,0.025,1616,seasonal_influenza
DE-TH,00+,2022-11-27,2022-11-27,0 week ahead inc case,quantile,0.1,1639,seasonal_influenza
DE-TH,00+,2022-11-27,2022-11-27,0 week ahead inc case,quantile,0.25,1669,seasonal_influenza
DE-TH,00+,2022-11-27,2022-11-27,0 week ahead inc case,quantile,0.5,1704,seasonal_influenza
DE-TH,00+,2022-11-27,2022-11-27,0 week ahead inc case,quantile,0.75,1740,seasonal_influenza
DE-TH,00+,2022-11-27,2022-11-27,0 week ahead inc case,quantile,0.9,1781,seasonal_influenza
DE-TH,00+,2022-11-27,2022-11-27,0 week ahead inc case,quantile,0.975,1841,seasonal_influenza
