location,age_group,forecast_date,target_end_date,target,type,quantile,pathogen,value
DE,00-04,2023-01-22,2022-12-25,-4 week ahead inc case,mean,NA,seasonal_influenza,5673.5
DE,00-04,2023-01-22,2022-12-25,-4 week ahead inc case,quantile,0.025,seasonal_influenza,5659
DE,00-04,2023-01-22,2022-12-25,-4 week ahead inc case,quantile,0.1,seasonal_influenza,5660
DE,00-04,2023-01-22,2022-12-25,-4 week ahead inc case,quantile,0.25,seasonal_influenza,5663
DE,00-04,2023-01-22,2022-12-25,-4 week ahead inc case,quantile,0.5,seasonal_influenza,5669
DE,00-04,2023-01-22,2022-12-25,-4 week ahead inc case,quantile,0.75,seasonal_influenza,5679
DE,00-04,2023-01-22,2022-12-25,-4 week ahead inc case,quantile,0.9,seasonal_influenza,5692
DE,00-04,2023-01-22,2022-12-25,-4 week ahead inc case,quantile,0.975,seasonal_influenza,5711.5
DE,00-04,2023-01-22,2023-01-01,-3 week ahead inc case,mean,NA,seasonal_influenza,2392.9355
DE,00-04,2023-01-22,2023-01-01,-3 week ahead inc case,quantile,0.025,seasonal_influenza,2367.5
DE,00-04,2023-01-22,2023-01-01,-3 week ahead inc case,quantile,0.1,seasonal_influenza,2371
DE,00-04,2023-01-22,2023-01-01,-3 week ahead inc case,quantile,0.25,seasonal_influenza,2376.5
DE,00-04,2023-01-22,2023-01-01,-3 week ahead inc case,quantile,0.5,seasonal_influenza,2387.5
DE,00-04,2023-01-22,2023-01-01,-3 week ahead inc case,quantile,0.75,seasonal_influenza,2403
DE,00-04,2023-01-22,2023-01-01,-3 week ahead inc case,quantile,0.9,seasonal_influenza,2422
DE,00-04,2023-01-22,2023-01-01,-3 week ahead inc case,quantile,0.975,seasonal_influenza,2449.5
DE,00-04,2023-01-22,2023-01-08,-2 week ahead inc case,mean,NA,seasonal_influenza,1403.2185
DE,00-04,2023-01-22,2023-01-08,-2 week ahead inc case,quantile,0.025,seasonal_influenza,1370
DE,00-04,2023-01-22,2023-01-08,-2 week ahead inc case,quantile,0.1,seasonal_influenza,1375.5
DE,00-04,2023-01-22,2023-01-08,-2 week ahead inc case,quantile,0.25,seasonal_influenza,1383
DE,00-04,2023-01-22,2023-01-08,-2 week ahead inc case,quantile,0.5,seasonal_influenza,1395.5
DE,00-04,2023-01-22,2023-01-08,-2 week ahead inc case,quantile,0.75,seasonal_influenza,1413.5
DE,00-04,2023-01-22,2023-01-08,-2 week ahead inc case,quantile,0.9,seasonal_influenza,1438
DE,00-04,2023-01-22,2023-01-08,-2 week ahead inc case,quantile,0.975,seasonal_influenza,1481
DE,00-04,2023-01-22,2023-01-15,-1 week ahead inc case,mean,NA,seasonal_influenza,665.053
DE,00-04,2023-01-22,2023-01-15,-1 week ahead inc case,quantile,0.025,seasonal_influenza,630
DE,00-04,2023-01-22,2023-01-15,-1 week ahead inc case,quantile,0.1,seasonal_influenza,636
DE,00-04,2023-01-22,2023-01-15,-1 week ahead inc case,quantile,0.25,seasonal_influenza,644.5
DE,00-04,2023-01-22,2023-01-15,-1 week ahead inc case,quantile,0.5,seasonal_influenza,658
DE,00-04,2023-01-22,2023-01-15,-1 week ahead inc case,quantile,0.75,seasonal_influenza,677.5
DE,00-04,2023-01-22,2023-01-15,-1 week ahead inc case,quantile,0.9,seasonal_influenza,701.5
DE,00-04,2023-01-22,2023-01-15,-1 week ahead inc case,quantile,0.975,seasonal_influenza,740
DE,00-04,2023-01-22,2023-01-22,0 week ahead inc case,mean,NA,seasonal_influenza,386.5285
DE,00-04,2023-01-22,2023-01-22,0 week ahead inc case,quantile,0.025,seasonal_influenza,331.5
DE,00-04,2023-01-22,2023-01-22,0 week ahead inc case,quantile,0.1,seasonal_influenza,341.5
DE,00-04,2023-01-22,2023-01-22,0 week ahead inc case,quantile,0.25,seasonal_influenza,354.5
DE,00-04,2023-01-22,2023-01-22,0 week ahead inc case,quantile,0.5,seasonal_influenza,373.5
DE,00-04,2023-01-22,2023-01-22,0 week ahead inc case,quantile,0.75,seasonal_influenza,401.5
DE,00-04,2023-01-22,2023-01-22,0 week ahead inc case,quantile,0.9,seasonal_influenza,439.5
DE,00-04,2023-01-22,2023-01-22,0 week ahead inc case,quantile,0.975,seasonal_influenza,518.5
DE,00+,2023-01-22,2022-12-25,-4 week ahead inc case,mean,NA,seasonal_influenza,52818.5
DE,00+,2023-01-22,2022-12-25,-4 week ahead inc case,quantile,0.025,seasonal_influenza,52739
DE,00+,2023-01-22,2022-12-25,-4 week ahead inc case,quantile,0.1,seasonal_influenza,52757.5
DE,00+,2023-01-22,2022-12-25,-4 week ahead inc case,quantile,0.25,seasonal_influenza,52779.5
DE,00+,2023-01-22,2022-12-25,-4 week ahead inc case,quantile,0.5,seasonal_influenza,52810.5
DE,00+,2023-01-22,2022-12-25,-4 week ahead inc case,quantile,0.75,seasonal_influenza,52848.5
DE,00+,2023-01-22,2022-12-25,-4 week ahead inc case,quantile,0.9,seasonal_influenza,52890
DE,00+,2023-01-22,2022-12-25,-4 week ahead inc case,quantile,0.975,seasonal_influenza,52944
DE,00+,2023-01-22,2023-01-01,-3 week ahead inc case,mean,NA,seasonal_influenza,22222.422
DE,00+,2023-01-22,2023-01-01,-3 week ahead inc case,quantile,0.025,seasonal_influenza,22121
DE,00+,2023-01-22,2023-01-01,-3 week ahead inc case,quantile,0.1,seasonal_influenza,22144.666666666668
DE,00+,2023-01-22,2023-01-01,-3 week ahead inc case,quantile,0.25,seasonal_influenza,22172.333333333332
DE,00+,2023-01-22,2023-01-01,-3 week ahead inc case,quantile,0.5,seasonal_influenza,22211.666666666668
DE,00+,2023-01-22,2023-01-01,-3 week ahead inc case,quantile,0.75,seasonal_influenza,22260.333333333332
DE,00+,2023-01-22,2023-01-01,-3 week ahead inc case,quantile,0.9,seasonal_influenza,22314.333333333332
DE,00+,2023-01-22,2023-01-01,-3 week ahead inc case,quantile,0.975,seasonal_influenza,22387.666666666668
DE,00+,2023-01-22,2023-01-08,-2 week ahead inc case,mean,NA,seasonal_influenza,14478.009333333333
DE,00+,2023-01-22,2023-01-08,-2 week ahead inc case,quantile,0.025,seasonal_influenza,14344.333333333334
DE,00+,2023-01-22,2023-01-08,-2 week ahead inc case,quantile,0.1,seasonal_influenza,14375.666666666666
DE,00+,2023-01-22,2023-01-08,-2 week ahead inc case,quantile,0.25,seasonal_influenza,14412
DE,00+,2023-01-22,2023-01-08,-2 week ahead inc case,quantile,0.5,seasonal_influenza,14463.666666666666
DE,00+,2023-01-22,2023-01-08,-2 week ahead inc case,quantile,0.75,seasonal_influenza,14528.666666666666
DE,00+,2023-01-22,2023-01-08,-2 week ahead inc case,quantile,0.9,seasonal_influenza,14599.333333333334
DE,00+,2023-01-22,2023-01-08,-2 week ahead inc case,quantile,0.975,seasonal_influenza,14692.35
DE,00+,2023-01-22,2023-01-15,-1 week ahead inc case,mean,NA,seasonal_influenza,6191.316
DE,00+,2023-01-22,2023-01-15,-1 week ahead inc case,quantile,0.025,seasonal_influenza,6030.666666666667
DE,00+,2023-01-22,2023-01-15,-1 week ahead inc case,quantile,0.1,seasonal_influenza,6068.333333333333
DE,00+,2023-01-22,2023-01-15,-1 week ahead inc case,quantile,0.25,seasonal_influenza,6112.333333333333
DE,00+,2023-01-22,2023-01-15,-1 week ahead inc case,quantile,0.5,seasonal_influenza,6174.333333333333
DE,00+,2023-01-22,2023-01-15,-1 week ahead inc case,quantile,0.75,seasonal_influenza,6252.333333333333
DE,00+,2023-01-22,2023-01-15,-1 week ahead inc case,quantile,0.9,seasonal_influenza,6337
DE,00+,2023-01-22,2023-01-15,-1 week ahead inc case,quantile,0.975,seasonal_influenza,6449.333333333333
DE,00+,2023-01-22,2023-01-22,0 week ahead inc case,mean,NA,seasonal_influenza,3023.4030000000002
DE,00+,2023-01-22,2023-01-22,0 week ahead inc case,quantile,0.025,seasonal_influenza,2766.991666666667
DE,00+,2023-01-22,2023-01-22,0 week ahead inc case,quantile,0.1,seasonal_influenza,2830
DE,00+,2023-01-22,2023-01-22,0 week ahead inc case,quantile,0.25,seasonal_influenza,2901.3333333333335
DE,00+,2023-01-22,2023-01-22,0 week ahead inc case,quantile,0.5,seasonal_influenza,2997.6666666666665
DE,00+,2023-01-22,2023-01-22,0 week ahead inc case,quantile,0.75,seasonal_influenza,3116.0833333333335
DE,00+,2023-01-22,2023-01-22,0 week ahead inc case,quantile,0.9,seasonal_influenza,3249.4
DE,00+,2023-01-22,2023-01-22,0 week ahead inc case,quantile,0.975,seasonal_influenza,3421.6916666666666
DE,05-14,2023-01-22,2022-12-25,-4 week ahead inc case,mean,NA,seasonal_influenza,6869.5
DE,05-14,2023-01-22,2022-12-25,-4 week ahead inc case,quantile,0.025,seasonal_influenza,6850
DE,05-14,2023-01-22,2022-12-25,-4 week ahead inc case,quantile,0.1,seasonal_influenza,6853
DE,05-14,2023-01-22,2022-12-25,-4 week ahead inc case,quantile,0.25,seasonal_influenza,6857.5
DE,05-14,2023-01-22,2022-12-25,-4 week ahead inc case,quantile,0.5,seasonal_influenza,6865.5
DE,05-14,2023-01-22,2022-12-25,-4 week ahead inc case,quantile,0.75,seasonal_influenza,6877.5
DE,05-14,2023-01-22,2022-12-25,-4 week ahead inc case,quantile,0.9,seasonal_influenza,6891.5
DE,05-14,2023-01-22,2022-12-25,-4 week ahead inc case,quantile,0.975,seasonal_influenza,6911.5
DE,05-14,2023-01-22,2023-01-01,-3 week ahead inc case,mean,NA,seasonal_influenza,1795.6015
DE,05-14,2023-01-22,2023-01-01,-3 week ahead inc case,quantile,0.025,seasonal_influenza,1763.5
DE,05-14,2023-01-22,2023-01-01,-3 week ahead inc case,quantile,0.1,seasonal_influenza,1768.5
DE,05-14,2023-01-22,2023-01-01,-3 week ahead inc case,quantile,0.25,seasonal_influenza,1775.5
DE,05-14,2023-01-22,2023-01-01,-3 week ahead inc case,quantile,0.5,seasonal_influenza,1789
DE,05-14,2023-01-22,2023-01-01,-3 week ahead inc case,quantile,0.75,seasonal_influenza,1808.5
DE,05-14,2023-01-22,2023-01-01,-3 week ahead inc case,quantile,0.9,seasonal_influenza,1832.5
DE,05-14,2023-01-22,2023-01-01,-3 week ahead inc case,quantile,0.975,seasonal_influenza,1867.5
DE,05-14,2023-01-22,2023-01-08,-2 week ahead inc case,mean,NA,seasonal_influenza,861.7355
DE,05-14,2023-01-22,2023-01-08,-2 week ahead inc case,quantile,0.025,seasonal_influenza,823.5
DE,05-14,2023-01-22,2023-01-08,-2 week ahead inc case,quantile,0.1,seasonal_influenza,828.5
DE,05-14,2023-01-22,2023-01-08,-2 week ahead inc case,quantile,0.25,seasonal_influenza,836.5
DE,05-14,2023-01-22,2023-01-08,-2 week ahead inc case,quantile,0.5,seasonal_influenza,852
DE,05-14,2023-01-22,2023-01-08,-2 week ahead inc case,quantile,0.75,seasonal_influenza,875
DE,05-14,2023-01-22,2023-01-08,-2 week ahead inc case,quantile,0.9,seasonal_influenza,905
DE,05-14,2023-01-22,2023-01-08,-2 week ahead inc case,quantile,0.975,seasonal_influenza,963
DE,05-14,2023-01-22,2023-01-15,-1 week ahead inc case,mean,NA,seasonal_influenza,473.32349999999997
DE,05-14,2023-01-22,2023-01-15,-1 week ahead inc case,quantile,0.025,seasonal_influenza,434
DE,05-14,2023-01-22,2023-01-15,-1 week ahead inc case,quantile,0.1,seasonal_influenza,440
DE,05-14,2023-01-22,2023-01-15,-1 week ahead inc case,quantile,0.25,seasonal_influenza,449.5
DE,05-14,2023-01-22,2023-01-15,-1 week ahead inc case,quantile,0.5,seasonal_influenza,465
DE,05-14,2023-01-22,2023-01-15,-1 week ahead inc case,quantile,0.75,seasonal_influenza,488
DE,05-14,2023-01-22,2023-01-15,-1 week ahead inc case,quantile,0.9,seasonal_influenza,515.5
DE,05-14,2023-01-22,2023-01-15,-1 week ahead inc case,quantile,0.975,seasonal_influenza,556.5
DE,05-14,2023-01-22,2023-01-22,0 week ahead inc case,mean,NA,seasonal_influenza,369.0765
DE,05-14,2023-01-22,2023-01-22,0 week ahead inc case,quantile,0.025,seasonal_influenza,309.5
DE,05-14,2023-01-22,2023-01-22,0 week ahead inc case,quantile,0.1,seasonal_influenza,320.5
DE,05-14,2023-01-22,2023-01-22,0 week ahead inc case,quantile,0.25,seasonal_influenza,333
DE,05-14,2023-01-22,2023-01-22,0 week ahead inc case,quantile,0.5,seasonal_influenza,352
DE,05-14,2023-01-22,2023-01-22,0 week ahead inc case,quantile,0.75,seasonal_influenza,383.5
DE,05-14,2023-01-22,2023-01-22,0 week ahead inc case,quantile,0.9,seasonal_influenza,434
DE,05-14,2023-01-22,2023-01-22,0 week ahead inc case,quantile,0.975,seasonal_influenza,533.5
DE,15-34,2023-01-22,2022-12-25,-4 week ahead inc case,mean,NA,seasonal_influenza,13748.5
DE,15-34,2023-01-22,2022-12-25,-4 week ahead inc case,quantile,0.025,seasonal_influenza,13726
DE,15-34,2023-01-22,2022-12-25,-4 week ahead inc case,quantile,0.1,seasonal_influenza,13730
DE,15-34,2023-01-22,2022-12-25,-4 week ahead inc case,quantile,0.25,seasonal_influenza,13735.5
DE,15-34,2023-01-22,2022-12-25,-4 week ahead inc case,quantile,0.5,seasonal_influenza,13744.5
DE,15-34,2023-01-22,2022-12-25,-4 week ahead inc case,quantile,0.75,seasonal_influenza,13757
DE,15-34,2023-01-22,2022-12-25,-4 week ahead inc case,quantile,0.9,seasonal_influenza,13771
DE,15-34,2023-01-22,2022-12-25,-4 week ahead inc case,quantile,0.975,seasonal_influenza,13790.5
DE,15-34,2023-01-22,2023-01-01,-3 week ahead inc case,mean,NA,seasonal_influenza,4482.9605
DE,15-34,2023-01-22,2023-01-01,-3 week ahead inc case,quantile,0.025,seasonal_influenza,4447
DE,15-34,2023-01-22,2023-01-01,-3 week ahead inc case,quantile,0.1,seasonal_influenza,4454
DE,15-34,2023-01-22,2023-01-01,-3 week ahead inc case,quantile,0.25,seasonal_influenza,4463.5
DE,15-34,2023-01-22,2023-01-01,-3 week ahead inc case,quantile,0.5,seasonal_influenza,4478
DE,15-34,2023-01-22,2023-01-01,-3 week ahead inc case,quantile,0.75,seasonal_influenza,4497
DE,15-34,2023-01-22,2023-01-01,-3 week ahead inc case,quantile,0.9,seasonal_influenza,4519
DE,15-34,2023-01-22,2023-01-01,-3 week ahead inc case,quantile,0.975,seasonal_influenza,4548.5
DE,15-34,2023-01-22,2023-01-08,-2 week ahead inc case,mean,NA,seasonal_influenza,2935.5815000000002
DE,15-34,2023-01-22,2023-01-08,-2 week ahead inc case,quantile,0.025,seasonal_influenza,2889
DE,15-34,2023-01-22,2023-01-08,-2 week ahead inc case,quantile,0.1,seasonal_influenza,2897.5
DE,15-34,2023-01-22,2023-01-08,-2 week ahead inc case,quantile,0.25,seasonal_influenza,2909.5
DE,15-34,2023-01-22,2023-01-08,-2 week ahead inc case,quantile,0.5,seasonal_influenza,2927
DE,15-34,2023-01-22,2023-01-08,-2 week ahead inc case,quantile,0.75,seasonal_influenza,2951.5
DE,15-34,2023-01-22,2023-01-08,-2 week ahead inc case,quantile,0.9,seasonal_influenza,2982.5
DE,15-34,2023-01-22,2023-01-08,-2 week ahead inc case,quantile,0.975,seasonal_influenza,3034
DE,15-34,2023-01-22,2023-01-15,-1 week ahead inc case,mean,NA,seasonal_influenza,1355.3654999999999
DE,15-34,2023-01-22,2023-01-15,-1 week ahead inc case,quantile,0.025,seasonal_influenza,1304
DE,15-34,2023-01-22,2023-01-15,-1 week ahead inc case,quantile,0.1,seasonal_influenza,1314
DE,15-34,2023-01-22,2023-01-15,-1 week ahead inc case,quantile,0.25,seasonal_influenza,1327
DE,15-34,2023-01-22,2023-01-15,-1 week ahead inc case,quantile,0.5,seasonal_influenza,1347.5
DE,15-34,2023-01-22,2023-01-15,-1 week ahead inc case,quantile,0.75,seasonal_influenza,1374.5
DE,15-34,2023-01-22,2023-01-15,-1 week ahead inc case,quantile,0.9,seasonal_influenza,1406
DE,15-34,2023-01-22,2023-01-15,-1 week ahead inc case,quantile,0.975,seasonal_influenza,1453
DE,15-34,2023-01-22,2023-01-22,0 week ahead inc case,mean,NA,seasonal_influenza,685.986
DE,15-34,2023-01-22,2023-01-22,0 week ahead inc case,quantile,0.025,seasonal_influenza,587
DE,15-34,2023-01-22,2023-01-22,0 week ahead inc case,quantile,0.1,seasonal_influenza,604
DE,15-34,2023-01-22,2023-01-22,0 week ahead inc case,quantile,0.25,seasonal_influenza,624.5
DE,15-34,2023-01-22,2023-01-22,0 week ahead inc case,quantile,0.5,seasonal_influenza,656.5
DE,15-34,2023-01-22,2023-01-22,0 week ahead inc case,quantile,0.75,seasonal_influenza,706
DE,15-34,2023-01-22,2023-01-22,0 week ahead inc case,quantile,0.9,seasonal_influenza,789.5
DE,15-34,2023-01-22,2023-01-22,0 week ahead inc case,quantile,0.975,seasonal_influenza,991.5
DE,35-59,2023-01-22,2022-12-25,-4 week ahead inc case,mean,NA,seasonal_influenza,13676
DE,35-59,2023-01-22,2022-12-25,-4 week ahead inc case,quantile,0.025,seasonal_influenza,13659
DE,35-59,2023-01-22,2022-12-25,-4 week ahead inc case,quantile,0.1,seasonal_influenza,13662.5
DE,35-59,2023-01-22,2022-12-25,-4 week ahead inc case,quantile,0.25,seasonal_influenza,13666.5
DE,35-59,2023-01-22,2022-12-25,-4 week ahead inc case,quantile,0.5,seasonal_influenza,13673.5
DE,35-59,2023-01-22,2022-12-25,-4 week ahead inc case,quantile,0.75,seasonal_influenza,13682.5
DE,35-59,2023-01-22,2022-12-25,-4 week ahead inc case,quantile,0.9,seasonal_influenza,13693
DE,35-59,2023-01-22,2022-12-25,-4 week ahead inc case,quantile,0.975,seasonal_influenza,13707.5
DE,35-59,2023-01-22,2023-01-01,-3 week ahead inc case,mean,NA,seasonal_influenza,5131.34
DE,35-59,2023-01-22,2023-01-01,-3 week ahead inc case,quantile,0.025,seasonal_influenza,5099.5
DE,35-59,2023-01-22,2023-01-01,-3 week ahead inc case,quantile,0.1,seasonal_influenza,5105
DE,35-59,2023-01-22,2023-01-01,-3 week ahead inc case,quantile,0.25,seasonal_influenza,5112.5
DE,35-59,2023-01-22,2023-01-01,-3 week ahead inc case,quantile,0.5,seasonal_influenza,5125.5
DE,35-59,2023-01-22,2023-01-01,-3 week ahead inc case,quantile,0.75,seasonal_influenza,5144
DE,35-59,2023-01-22,2023-01-01,-3 week ahead inc case,quantile,0.9,seasonal_influenza,5166
DE,35-59,2023-01-22,2023-01-01,-3 week ahead inc case,quantile,0.975,seasonal_influenza,5196
DE,35-59,2023-01-22,2023-01-08,-2 week ahead inc case,mean,NA,seasonal_influenza,3608.5025
DE,35-59,2023-01-22,2023-01-08,-2 week ahead inc case,quantile,0.025,seasonal_influenza,3564.5
DE,35-59,2023-01-22,2023-01-08,-2 week ahead inc case,quantile,0.1,seasonal_influenza,3571.5
DE,35-59,2023-01-22,2023-01-08,-2 week ahead inc case,quantile,0.25,seasonal_influenza,3581.5
DE,35-59,2023-01-22,2023-01-08,-2 week ahead inc case,quantile,0.5,seasonal_influenza,3598.5
DE,35-59,2023-01-22,2023-01-08,-2 week ahead inc case,quantile,0.75,seasonal_influenza,3623
DE,35-59,2023-01-22,2023-01-08,-2 week ahead inc case,quantile,0.9,seasonal_influenza,3655
DE,35-59,2023-01-22,2023-01-08,-2 week ahead inc case,quantile,0.975,seasonal_influenza,3711
DE,35-59,2023-01-22,2023-01-15,-1 week ahead inc case,mean,NA,seasonal_influenza,1611.1455
DE,35-59,2023-01-22,2023-01-15,-1 week ahead inc case,quantile,0.025,seasonal_influenza,1562
DE,35-59,2023-01-22,2023-01-15,-1 week ahead inc case,quantile,0.1,seasonal_influenza,1570
DE,35-59,2023-01-22,2023-01-15,-1 week ahead inc case,quantile,0.25,seasonal_influenza,1582
DE,35-59,2023-01-22,2023-01-15,-1 week ahead inc case,quantile,0.5,seasonal_influenza,1601.5
DE,35-59,2023-01-22,2023-01-15,-1 week ahead inc case,quantile,0.75,seasonal_influenza,1629.5
DE,35-59,2023-01-22,2023-01-15,-1 week ahead inc case,quantile,0.9,seasonal_influenza,1663.5
DE,35-59,2023-01-22,2023-01-15,-1 week ahead inc case,quantile,0.975,seasonal_influenza,1714.5
DE,35-59,2023-01-22,2023-01-22,0 week ahead inc case,mean,NA,seasonal_influenza,842.8734999999999
DE,35-59,2023-01-22,2023-01-22,0 week ahead inc case,quantile,0.025,seasonal_influenza,739.5
DE,35-59,2023-01-22,2023-01-22,0 week ahead inc case,quantile,0.1,seasonal_influenza,756
DE,35-59,2023-01-22,2023-01-22,0 week ahead inc case,quantile,0.25,seasonal_influenza,776.5
DE,35-59,2023-01-22,2023-01-22,0 week ahead inc case,quantile,0.5,seasonal_influenza,809.5
DE,35-59,2023-01-22,2023-01-22,0 week ahead inc case,quantile,0.75,seasonal_influenza,860.5
DE,35-59,2023-01-22,2023-01-22,0 week ahead inc case,quantile,0.9,seasonal_influenza,944
DE,35-59,2023-01-22,2023-01-22,0 week ahead inc case,quantile,0.975,seasonal_influenza,1151
DE,60-79,2023-01-22,2022-12-25,-4 week ahead inc case,mean,NA,seasonal_influenza,7995.5
DE,60-79,2023-01-22,2022-12-25,-4 week ahead inc case,quantile,0.025,seasonal_influenza,7983
DE,60-79,2023-01-22,2022-12-25,-4 week ahead inc case,quantile,0.1,seasonal_influenza,7984.5
DE,60-79,2023-01-22,2022-12-25,-4 week ahead inc case,quantile,0.25,seasonal_influenza,7987
DE,60-79,2023-01-22,2022-12-25,-4 week ahead inc case,quantile,0.5,seasonal_influenza,7992
DE,60-79,2023-01-22,2022-12-25,-4 week ahead inc case,quantile,0.75,seasonal_influenza,8000.5
DE,60-79,2023-01-22,2022-12-25,-4 week ahead inc case,quantile,0.9,seasonal_influenza,8010.5
DE,60-79,2023-01-22,2022-12-25,-4 week ahead inc case,quantile,0.975,seasonal_influenza,8026
DE,60-79,2023-01-22,2023-01-01,-3 week ahead inc case,mean,NA,seasonal_influenza,4870.8135
DE,60-79,2023-01-22,2023-01-01,-3 week ahead inc case,quantile,0.025,seasonal_influenza,4843.5
DE,60-79,2023-01-22,2023-01-01,-3 week ahead inc case,quantile,0.1,seasonal_influenza,4847
DE,60-79,2023-01-22,2023-01-01,-3 week ahead inc case,quantile,0.25,seasonal_influenza,4853
DE,60-79,2023-01-22,2023-01-01,-3 week ahead inc case,quantile,0.5,seasonal_influenza,4864
DE,60-79,2023-01-22,2023-01-01,-3 week ahead inc case,quantile,0.75,seasonal_influenza,4881.5
DE,60-79,2023-01-22,2023-01-01,-3 week ahead inc case,quantile,0.9,seasonal_influenza,4903
DE,60-79,2023-01-22,2023-01-01,-3 week ahead inc case,quantile,0.975,seasonal_influenza,4934
DE,60-79,2023-01-22,2023-01-08,-2 week ahead inc case,mean,NA,seasonal_influenza,3285.7495
DE,60-79,2023-01-22,2023-01-08,-2 week ahead inc case,quantile,0.025,seasonal_influenza,3248
DE,60-79,2023-01-22,2023-01-08,-2 week ahead inc case,quantile,0.1,seasonal_influenza,3254
DE,60-79,2023-01-22,2023-01-08,-2 week ahead inc case,quantile,0.25,seasonal_influenza,3262.5
DE,60-79,2023-01-22,2023-01-08,-2 week ahead inc case,quantile,0.5,seasonal_influenza,3278
DE,60-79,2023-01-22,2023-01-08,-2 week ahead inc case,quantile,0.75,seasonal_influenza,3300.5
DE,60-79,2023-01-22,2023-01-08,-2 week ahead inc case,quantile,0.9,seasonal_influenza,3327.5
DE,60-79,2023-01-22,2023-01-08,-2 week ahead inc case,quantile,0.975,seasonal_influenza,3366
DE,60-79,2023-01-22,2023-01-15,-1 week ahead inc case,mean,NA,seasonal_influenza,1238.0484999999999
DE,60-79,2023-01-22,2023-01-15,-1 week ahead inc case,quantile,0.025,seasonal_influenza,1197.5
DE,60-79,2023-01-22,2023-01-15,-1 week ahead inc case,quantile,0.1,seasonal_influenza,1205
DE,60-79,2023-01-22,2023-01-15,-1 week ahead inc case,quantile,0.25,seasonal_influenza,1215
DE,60-79,2023-01-22,2023-01-15,-1 week ahead inc case,quantile,0.5,seasonal_influenza,1231.5
DE,60-79,2023-01-22,2023-01-15,-1 week ahead inc case,quantile,0.75,seasonal_influenza,1254
DE,60-79,2023-01-22,2023-01-15,-1 week ahead inc case,quantile,0.9,seasonal_influenza,1280.5
DE,60-79,2023-01-22,2023-01-15,-1 week ahead inc case,quantile,0.975,seasonal_influenza,1316.5
DE,60-79,2023-01-22,2023-01-22,0 week ahead inc case,mean,NA,seasonal_influenza,499.7495
DE,60-79,2023-01-22,2023-01-22,0 week ahead inc case,quantile,0.025,seasonal_influenza,444.5
DE,60-79,2023-01-22,2023-01-22,0 week ahead inc case,quantile,0.1,seasonal_influenza,456.5
DE,60-79,2023-01-22,2023-01-22,0 week ahead inc case,quantile,0.25,seasonal_influenza,472
DE,60-79,2023-01-22,2023-01-22,0 week ahead inc case,quantile,0.5,seasonal_influenza,493.5
DE,60-79,2023-01-22,2023-01-22,0 week ahead inc case,quantile,0.75,seasonal_influenza,519.5
DE,60-79,2023-01-22,2023-01-22,0 week ahead inc case,quantile,0.9,seasonal_influenza,551
DE,60-79,2023-01-22,2023-01-22,0 week ahead inc case,quantile,0.975,seasonal_influenza,593
DE,80+,2023-01-22,2022-12-25,-4 week ahead inc case,mean,NA,seasonal_influenza,4844.5
DE,80+,2023-01-22,2022-12-25,-4 week ahead inc case,quantile,0.025,seasonal_influenza,4836.5
DE,80+,2023-01-22,2022-12-25,-4 week ahead inc case,quantile,0.1,seasonal_influenza,4837
DE,80+,2023-01-22,2022-12-25,-4 week ahead inc case,quantile,0.25,seasonal_influenza,4838.5
DE,80+,2023-01-22,2022-12-25,-4 week ahead inc case,quantile,0.5,seasonal_influenza,4841.5
DE,80+,2023-01-22,2022-12-25,-4 week ahead inc case,quantile,0.75,seasonal_influenza,4847.5
DE,80+,2023-01-22,2022-12-25,-4 week ahead inc case,quantile,0.9,seasonal_influenza,4855.5
DE,80+,2023-01-22,2022-12-25,-4 week ahead inc case,quantile,0.975,seasonal_influenza,4868
DE,80+,2023-01-22,2023-01-01,-3 week ahead inc case,mean,NA,seasonal_influenza,3596.2295
DE,80+,2023-01-22,2023-01-01,-3 week ahead inc case,quantile,0.025,seasonal_influenza,3576.5
DE,80+,2023-01-22,2023-01-01,-3 week ahead inc case,quantile,0.1,seasonal_influenza,3578.5
DE,80+,2023-01-22,2023-01-01,-3 week ahead inc case,quantile,0.25,seasonal_influenza,3582.5
DE,80+,2023-01-22,2023-01-01,-3 week ahead inc case,quantile,0.5,seasonal_influenza,3590.5
DE,80+,2023-01-22,2023-01-01,-3 week ahead inc case,quantile,0.75,seasonal_influenza,3603.5
DE,80+,2023-01-22,2023-01-01,-3 week ahead inc case,quantile,0.9,seasonal_influenza,3621.5
DE,80+,2023-01-22,2023-01-01,-3 week ahead inc case,quantile,0.975,seasonal_influenza,3648.5
DE,80+,2023-01-22,2023-01-08,-2 week ahead inc case,mean,NA,seasonal_influenza,2445.2675
DE,80+,2023-01-22,2023-01-08,-2 week ahead inc case,quantile,0.025,seasonal_influenza,2418
DE,80+,2023-01-22,2023-01-08,-2 week ahead inc case,quantile,0.1,seasonal_influenza,2421.5
DE,80+,2023-01-22,2023-01-08,-2 week ahead inc case,quantile,0.25,seasonal_influenza,2427
DE,80+,2023-01-22,2023-01-08,-2 week ahead inc case,quantile,0.5,seasonal_influenza,2438.5
DE,80+,2023-01-22,2023-01-08,-2 week ahead inc case,quantile,0.75,seasonal_influenza,2455.5
DE,80+,2023-01-22,2023-01-08,-2 week ahead inc case,quantile,0.9,seasonal_influenza,2477.5
DE,80+,2023-01-22,2023-01-08,-2 week ahead inc case,quantile,0.975,seasonal_influenza,2511.5
DE,80+,2023-01-22,2023-01-15,-1 week ahead inc case,mean,NA,seasonal_influenza,895.7525
DE,80+,2023-01-22,2023-01-15,-1 week ahead inc case,quantile,0.025,seasonal_influenza,866
DE,80+,2023-01-22,2023-01-15,-1 week ahead inc case,quantile,0.1,seasonal_influenza,870
DE,80+,2023-01-22,2023-01-15,-1 week ahead inc case,quantile,0.25,seasonal_influenza,877
DE,80+,2023-01-22,2023-01-15,-1 week ahead inc case,quantile,0.5,seasonal_influenza,889
DE,80+,2023-01-22,2023-01-15,-1 week ahead inc case,quantile,0.75,seasonal_influenza,907.5
DE,80+,2023-01-22,2023-01-15,-1 week ahead inc case,quantile,0.9,seasonal_influenza,930.5
DE,80+,2023-01-22,2023-01-15,-1 week ahead inc case,quantile,0.975,seasonal_influenza,963
DE,80+,2023-01-22,2023-01-22,0 week ahead inc case,mean,NA,seasonal_influenza,368.7105
DE,80+,2023-01-22,2023-01-22,0 week ahead inc case,quantile,0.025,seasonal_influenza,328
DE,80+,2023-01-22,2023-01-22,0 week ahead inc case,quantile,0.1,seasonal_influenza,336.5
DE,80+,2023-01-22,2023-01-22,0 week ahead inc case,quantile,0.25,seasonal_influenza,347
DE,80+,2023-01-22,2023-01-22,0 week ahead inc case,quantile,0.5,seasonal_influenza,363
DE,80+,2023-01-22,2023-01-22,0 week ahead inc case,quantile,0.75,seasonal_influenza,383.5
DE,80+,2023-01-22,2023-01-22,0 week ahead inc case,quantile,0.9,seasonal_influenza,407
DE,80+,2023-01-22,2023-01-22,0 week ahead inc case,quantile,0.975,seasonal_influenza,440
DE-BB,00+,2023-01-22,2022-12-25,-4 week ahead inc case,mean,NA,seasonal_influenza,2729
DE-BB,00+,2023-01-22,2022-12-25,-4 week ahead inc case,quantile,0.025,seasonal_influenza,2727.5
DE-BB,00+,2023-01-22,2022-12-25,-4 week ahead inc case,quantile,0.1,seasonal_influenza,2727.5
DE-BB,00+,2023-01-22,2022-12-25,-4 week ahead inc case,quantile,0.25,seasonal_influenza,2727.5
DE-BB,00+,2023-01-22,2022-12-25,-4 week ahead inc case,quantile,0.5,seasonal_influenza,2727.5
DE-BB,00+,2023-01-22,2022-12-25,-4 week ahead inc case,quantile,0.75,seasonal_influenza,2728
DE-BB,00+,2023-01-22,2022-12-25,-4 week ahead inc case,quantile,0.9,seasonal_influenza,2731.5
DE-BB,00+,2023-01-22,2022-12-25,-4 week ahead inc case,quantile,0.975,seasonal_influenza,2742
DE-BB,00+,2023-01-22,2023-01-01,-3 week ahead inc case,mean,NA,seasonal_influenza,959.5865
DE-BB,00+,2023-01-22,2023-01-01,-3 week ahead inc case,quantile,0.025,seasonal_influenza,956
DE-BB,00+,2023-01-22,2023-01-01,-3 week ahead inc case,quantile,0.1,seasonal_influenza,956
DE-BB,00+,2023-01-22,2023-01-01,-3 week ahead inc case,quantile,0.25,seasonal_influenza,956
DE-BB,00+,2023-01-22,2023-01-01,-3 week ahead inc case,quantile,0.5,seasonal_influenza,956.5
DE-BB,00+,2023-01-22,2023-01-01,-3 week ahead inc case,quantile,0.75,seasonal_influenza,958.5
DE-BB,00+,2023-01-22,2023-01-01,-3 week ahead inc case,quantile,0.9,seasonal_influenza,965
DE-BB,00+,2023-01-22,2023-01-01,-3 week ahead inc case,quantile,0.975,seasonal_influenza,984
DE-BB,00+,2023-01-22,2023-01-08,-2 week ahead inc case,mean,NA,seasonal_influenza,559.422
DE-BB,00+,2023-01-22,2023-01-08,-2 week ahead inc case,quantile,0.025,seasonal_influenza,555
DE-BB,00+,2023-01-22,2023-01-08,-2 week ahead inc case,quantile,0.1,seasonal_influenza,555
DE-BB,00+,2023-01-22,2023-01-08,-2 week ahead inc case,quantile,0.25,seasonal_influenza,555
DE-BB,00+,2023-01-22,2023-01-08,-2 week ahead inc case,quantile,0.5,seasonal_influenza,555.5
DE-BB,00+,2023-01-22,2023-01-08,-2 week ahead inc case,quantile,0.75,seasonal_influenza,557.5
DE-BB,00+,2023-01-22,2023-01-08,-2 week ahead inc case,quantile,0.9,seasonal_influenza,567
DE-BB,00+,2023-01-22,2023-01-08,-2 week ahead inc case,quantile,0.975,seasonal_influenza,593
DE-BB,00+,2023-01-22,2023-01-15,-1 week ahead inc case,mean,NA,seasonal_influenza,255.75799999999998
DE-BB,00+,2023-01-22,2023-01-15,-1 week ahead inc case,quantile,0.025,seasonal_influenza,251
DE-BB,00+,2023-01-22,2023-01-15,-1 week ahead inc case,quantile,0.1,seasonal_influenza,251
DE-BB,00+,2023-01-22,2023-01-15,-1 week ahead inc case,quantile,0.25,seasonal_influenza,251
DE-BB,00+,2023-01-22,2023-01-15,-1 week ahead inc case,quantile,0.5,seasonal_influenza,251.5
DE-BB,00+,2023-01-22,2023-01-15,-1 week ahead inc case,quantile,0.75,seasonal_influenza,254.5
DE-BB,00+,2023-01-22,2023-01-15,-1 week ahead inc case,quantile,0.9,seasonal_influenza,264.5
DE-BB,00+,2023-01-22,2023-01-15,-1 week ahead inc case,quantile,0.975,seasonal_influenza,288.5
DE-BB,00+,2023-01-22,2023-01-22,0 week ahead inc case,mean,NA,seasonal_influenza,121.43350000000001
DE-BB,00+,2023-01-22,2023-01-22,0 week ahead inc case,quantile,0.025,seasonal_influenza,108
DE-BB,00+,2023-01-22,2023-01-22,0 week ahead inc case,quantile,0.1,seasonal_influenza,109.5
DE-BB,00+,2023-01-22,2023-01-22,0 week ahead inc case,quantile,0.25,seasonal_influenza,112
DE-BB,00+,2023-01-22,2023-01-22,0 week ahead inc case,quantile,0.5,seasonal_influenza,116
DE-BB,00+,2023-01-22,2023-01-22,0 week ahead inc case,quantile,0.75,seasonal_influenza,123
DE-BB,00+,2023-01-22,2023-01-22,0 week ahead inc case,quantile,0.9,seasonal_influenza,136.5
DE-BB,00+,2023-01-22,2023-01-22,0 week ahead inc case,quantile,0.975,seasonal_influenza,170.5
DE-BE,00+,2023-01-22,2022-12-25,-4 week ahead inc case,mean,NA,seasonal_influenza,2007.5
DE-BE,00+,2023-01-22,2022-12-25,-4 week ahead inc case,quantile,0.025,seasonal_influenza,2005.5
DE-BE,00+,2023-01-22,2022-12-25,-4 week ahead inc case,quantile,0.1,seasonal_influenza,2005.5
DE-BE,00+,2023-01-22,2022-12-25,-4 week ahead inc case,quantile,0.25,seasonal_influenza,2005.5
DE-BE,00+,2023-01-22,2022-12-25,-4 week ahead inc case,quantile,0.5,seasonal_influenza,2006.5
DE-BE,00+,2023-01-22,2022-12-25,-4 week ahead inc case,quantile,0.75,seasonal_influenza,2008
DE-BE,00+,2023-01-22,2022-12-25,-4 week ahead inc case,quantile,0.9,seasonal_influenza,2011
DE-BE,00+,2023-01-22,2022-12-25,-4 week ahead inc case,quantile,0.975,seasonal_influenza,2016
DE-BE,00+,2023-01-22,2023-01-01,-3 week ahead inc case,mean,NA,seasonal_influenza,1202.538
DE-BE,00+,2023-01-22,2023-01-01,-3 week ahead inc case,quantile,0.025,seasonal_influenza,1199
DE-BE,00+,2023-01-22,2023-01-01,-3 week ahead inc case,quantile,0.1,seasonal_influenza,1199
DE-BE,00+,2023-01-22,2023-01-01,-3 week ahead inc case,quantile,0.25,seasonal_influenza,1199.5
DE-BE,00+,2023-01-22,2023-01-01,-3 week ahead inc case,quantile,0.5,seasonal_influenza,1200.5
DE-BE,00+,2023-01-22,2023-01-01,-3 week ahead inc case,quantile,0.75,seasonal_influenza,1204.5
DE-BE,00+,2023-01-22,2023-01-01,-3 week ahead inc case,quantile,0.9,seasonal_influenza,1209
DE-BE,00+,2023-01-22,2023-01-01,-3 week ahead inc case,quantile,0.975,seasonal_influenza,1217
DE-BE,00+,2023-01-22,2023-01-08,-2 week ahead inc case,mean,NA,seasonal_influenza,562.3720000000001
DE-BE,00+,2023-01-22,2023-01-08,-2 week ahead inc case,quantile,0.025,seasonal_influenza,558
DE-BE,00+,2023-01-22,2023-01-08,-2 week ahead inc case,quantile,0.1,seasonal_influenza,558
DE-BE,00+,2023-01-22,2023-01-08,-2 week ahead inc case,quantile,0.25,seasonal_influenza,558.5
DE-BE,00+,2023-01-22,2023-01-08,-2 week ahead inc case,quantile,0.5,seasonal_influenza,560
DE-BE,00+,2023-01-22,2023-01-08,-2 week ahead inc case,quantile,0.75,seasonal_influenza,564
DE-BE,00+,2023-01-22,2023-01-08,-2 week ahead inc case,quantile,0.9,seasonal_influenza,569.5
DE-BE,00+,2023-01-22,2023-01-08,-2 week ahead inc case,quantile,0.975,seasonal_influenza,578.5
DE-BE,00+,2023-01-22,2023-01-15,-1 week ahead inc case,mean,NA,seasonal_influenza,286.81899999999996
DE-BE,00+,2023-01-22,2023-01-15,-1 week ahead inc case,quantile,0.025,seasonal_influenza,282
DE-BE,00+,2023-01-22,2023-01-15,-1 week ahead inc case,quantile,0.1,seasonal_influenza,282
DE-BE,00+,2023-01-22,2023-01-15,-1 week ahead inc case,quantile,0.25,seasonal_influenza,282.5
DE-BE,00+,2023-01-22,2023-01-15,-1 week ahead inc case,quantile,0.5,seasonal_influenza,284
DE-BE,00+,2023-01-22,2023-01-15,-1 week ahead inc case,quantile,0.75,seasonal_influenza,288.5
DE-BE,00+,2023-01-22,2023-01-15,-1 week ahead inc case,quantile,0.9,seasonal_influenza,295
DE-BE,00+,2023-01-22,2023-01-15,-1 week ahead inc case,quantile,0.975,seasonal_influenza,305.5
DE-BE,00+,2023-01-22,2023-01-22,0 week ahead inc case,mean,NA,seasonal_influenza,106.113
DE-BE,00+,2023-01-22,2023-01-22,0 week ahead inc case,quantile,0.025,seasonal_influenza,98
DE-BE,00+,2023-01-22,2023-01-22,0 week ahead inc case,quantile,0.1,seasonal_influenza,98.5
DE-BE,00+,2023-01-22,2023-01-22,0 week ahead inc case,quantile,0.25,seasonal_influenza,100
DE-BE,00+,2023-01-22,2023-01-22,0 week ahead inc case,quantile,0.5,seasonal_influenza,102.5
DE-BE,00+,2023-01-22,2023-01-22,0 week ahead inc case,quantile,0.75,seasonal_influenza,108
DE-BE,00+,2023-01-22,2023-01-22,0 week ahead inc case,quantile,0.9,seasonal_influenza,116.5
DE-BE,00+,2023-01-22,2023-01-22,0 week ahead inc case,quantile,0.975,seasonal_influenza,134
DE-BW,00+,2023-01-22,2022-12-25,-4 week ahead inc case,mean,NA,seasonal_influenza,5083.5
DE-BW,00+,2023-01-22,2022-12-25,-4 week ahead inc case,quantile,0.025,seasonal_influenza,5078.5
DE-BW,00+,2023-01-22,2022-12-25,-4 week ahead inc case,quantile,0.1,seasonal_influenza,5079
DE-BW,00+,2023-01-22,2022-12-25,-4 week ahead inc case,quantile,0.25,seasonal_influenza,5080.5
DE-BW,00+,2023-01-22,2022-12-25,-4 week ahead inc case,quantile,0.5,seasonal_influenza,5082.5
DE-BW,00+,2023-01-22,2022-12-25,-4 week ahead inc case,quantile,0.75,seasonal_influenza,5085.5
DE-BW,00+,2023-01-22,2022-12-25,-4 week ahead inc case,quantile,0.9,seasonal_influenza,5089
DE-BW,00+,2023-01-22,2022-12-25,-4 week ahead inc case,quantile,0.975,seasonal_influenza,5094
DE-BW,00+,2023-01-22,2023-01-01,-3 week ahead inc case,mean,NA,seasonal_influenza,2773.0995000000003
DE-BW,00+,2023-01-22,2023-01-01,-3 week ahead inc case,quantile,0.025,seasonal_influenza,2763
DE-BW,00+,2023-01-22,2023-01-01,-3 week ahead inc case,quantile,0.1,seasonal_influenza,2764
DE-BW,00+,2023-01-22,2023-01-01,-3 week ahead inc case,quantile,0.25,seasonal_influenza,2766
DE-BW,00+,2023-01-22,2023-01-01,-3 week ahead inc case,quantile,0.5,seasonal_influenza,2770
DE-BW,00+,2023-01-22,2023-01-01,-3 week ahead inc case,quantile,0.75,seasonal_influenza,2777
DE-BW,00+,2023-01-22,2023-01-01,-3 week ahead inc case,quantile,0.9,seasonal_influenza,2786
DE-BW,00+,2023-01-22,2023-01-01,-3 week ahead inc case,quantile,0.975,seasonal_influenza,2800
DE-BW,00+,2023-01-22,2023-01-08,-2 week ahead inc case,mean,NA,seasonal_influenza,1342.763
DE-BW,00+,2023-01-22,2023-01-08,-2 week ahead inc case,quantile,0.025,seasonal_influenza,1331.5
DE-BW,00+,2023-01-22,2023-01-08,-2 week ahead inc case,quantile,0.1,seasonal_influenza,1332.5
DE-BW,00+,2023-01-22,2023-01-08,-2 week ahead inc case,quantile,0.25,seasonal_influenza,1335
DE-BW,00+,2023-01-22,2023-01-08,-2 week ahead inc case,quantile,0.5,seasonal_influenza,1339.5
DE-BW,00+,2023-01-22,2023-01-08,-2 week ahead inc case,quantile,0.75,seasonal_influenza,1347
DE-BW,00+,2023-01-22,2023-01-08,-2 week ahead inc case,quantile,0.9,seasonal_influenza,1357
DE-BW,00+,2023-01-22,2023-01-08,-2 week ahead inc case,quantile,0.975,seasonal_influenza,1372
DE-BW,00+,2023-01-22,2023-01-15,-1 week ahead inc case,mean,NA,seasonal_influenza,733.707
DE-BW,00+,2023-01-22,2023-01-15,-1 week ahead inc case,quantile,0.025,seasonal_influenza,721
DE-BW,00+,2023-01-22,2023-01-15,-1 week ahead inc case,quantile,0.1,seasonal_influenza,722.5
DE-BW,00+,2023-01-22,2023-01-15,-1 week ahead inc case,quantile,0.25,seasonal_influenza,725
DE-BW,00+,2023-01-22,2023-01-15,-1 week ahead inc case,quantile,0.5,seasonal_influenza,731
DE-BW,00+,2023-01-22,2023-01-15,-1 week ahead inc case,quantile,0.75,seasonal_influenza,738.5
DE-BW,00+,2023-01-22,2023-01-15,-1 week ahead inc case,quantile,0.9,seasonal_influenza,749.5
DE-BW,00+,2023-01-22,2023-01-15,-1 week ahead inc case,quantile,0.975,seasonal_influenza,765
DE-BW,00+,2023-01-22,2023-01-22,0 week ahead inc case,mean,NA,seasonal_influenza,373.3775
DE-BW,00+,2023-01-22,2023-01-22,0 week ahead inc case,quantile,0.025,seasonal_influenza,334.5
DE-BW,00+,2023-01-22,2023-01-22,0 week ahead inc case,quantile,0.1,seasonal_influenza,339
DE-BW,00+,2023-01-22,2023-01-22,0 week ahead inc case,quantile,0.25,seasonal_influenza,345
DE-BW,00+,2023-01-22,2023-01-22,0 week ahead inc case,quantile,0.5,seasonal_influenza,355.5
DE-BW,00+,2023-01-22,2023-01-22,0 week ahead inc case,quantile,0.75,seasonal_influenza,375.5
DE-BW,00+,2023-01-22,2023-01-22,0 week ahead inc case,quantile,0.9,seasonal_influenza,416
DE-BW,00+,2023-01-22,2023-01-22,0 week ahead inc case,quantile,0.975,seasonal_influenza,546.5
DE-BY,00+,2023-01-22,2022-12-25,-4 week ahead inc case,mean,NA,seasonal_influenza,9712.5
DE-BY,00+,2023-01-22,2022-12-25,-4 week ahead inc case,quantile,0.025,seasonal_influenza,9696.5
DE-BY,00+,2023-01-22,2022-12-25,-4 week ahead inc case,quantile,0.1,seasonal_influenza,9698.5
DE-BY,00+,2023-01-22,2022-12-25,-4 week ahead inc case,quantile,0.25,seasonal_influenza,9701.5
DE-BY,00+,2023-01-22,2022-12-25,-4 week ahead inc case,quantile,0.5,seasonal_influenza,9708
DE-BY,00+,2023-01-22,2022-12-25,-4 week ahead inc case,quantile,0.75,seasonal_influenza,9718.5
DE-BY,00+,2023-01-22,2022-12-25,-4 week ahead inc case,quantile,0.9,seasonal_influenza,9732
DE-BY,00+,2023-01-22,2022-12-25,-4 week ahead inc case,quantile,0.975,seasonal_influenza,9751.5
DE-BY,00+,2023-01-22,2023-01-01,-3 week ahead inc case,mean,NA,seasonal_influenza,4435.5035
DE-BY,00+,2023-01-22,2023-01-01,-3 week ahead inc case,quantile,0.025,seasonal_influenza,4406.5
DE-BY,00+,2023-01-22,2023-01-01,-3 week ahead inc case,quantile,0.1,seasonal_influenza,4410
DE-BY,00+,2023-01-22,2023-01-01,-3 week ahead inc case,quantile,0.25,seasonal_influenza,4416
DE-BY,00+,2023-01-22,2023-01-01,-3 week ahead inc case,quantile,0.5,seasonal_influenza,4427.5
DE-BY,00+,2023-01-22,2023-01-01,-3 week ahead inc case,quantile,0.75,seasonal_influenza,4446.5
DE-BY,00+,2023-01-22,2023-01-01,-3 week ahead inc case,quantile,0.9,seasonal_influenza,4470.5
DE-BY,00+,2023-01-22,2023-01-01,-3 week ahead inc case,quantile,0.975,seasonal_influenza,4507
DE-BY,00+,2023-01-22,2023-01-08,-2 week ahead inc case,mean,NA,seasonal_influenza,2610.09
DE-BY,00+,2023-01-22,2023-01-08,-2 week ahead inc case,quantile,0.025,seasonal_influenza,2572
DE-BY,00+,2023-01-22,2023-01-08,-2 week ahead inc case,quantile,0.1,seasonal_influenza,2577
DE-BY,00+,2023-01-22,2023-01-08,-2 week ahead inc case,quantile,0.25,seasonal_influenza,2586
DE-BY,00+,2023-01-22,2023-01-08,-2 week ahead inc case,quantile,0.5,seasonal_influenza,2601
DE-BY,00+,2023-01-22,2023-01-08,-2 week ahead inc case,quantile,0.75,seasonal_influenza,2624
DE-BY,00+,2023-01-22,2023-01-08,-2 week ahead inc case,quantile,0.9,seasonal_influenza,2653.5
DE-BY,00+,2023-01-22,2023-01-08,-2 week ahead inc case,quantile,0.975,seasonal_influenza,2700
DE-BY,00+,2023-01-22,2023-01-15,-1 week ahead inc case,mean,NA,seasonal_influenza,1440.259
DE-BY,00+,2023-01-22,2023-01-15,-1 week ahead inc case,quantile,0.025,seasonal_influenza,1397.5
DE-BY,00+,2023-01-22,2023-01-15,-1 week ahead inc case,quantile,0.1,seasonal_influenza,1405
DE-BY,00+,2023-01-22,2023-01-15,-1 week ahead inc case,quantile,0.25,seasonal_influenza,1416
DE-BY,00+,2023-01-22,2023-01-15,-1 week ahead inc case,quantile,0.5,seasonal_influenza,1433
DE-BY,00+,2023-01-22,2023-01-15,-1 week ahead inc case,quantile,0.75,seasonal_influenza,1456.5
DE-BY,00+,2023-01-22,2023-01-15,-1 week ahead inc case,quantile,0.9,seasonal_influenza,1484.5
DE-BY,00+,2023-01-22,2023-01-15,-1 week ahead inc case,quantile,0.975,seasonal_influenza,1522.5
DE-BY,00+,2023-01-22,2023-01-22,0 week ahead inc case,mean,NA,seasonal_influenza,759.4110000000001
DE-BY,00+,2023-01-22,2023-01-22,0 week ahead inc case,quantile,0.025,seasonal_influenza,705
DE-BY,00+,2023-01-22,2023-01-22,0 week ahead inc case,quantile,0.1,seasonal_influenza,717.5
DE-BY,00+,2023-01-22,2023-01-22,0 week ahead inc case,quantile,0.25,seasonal_influenza,732.5
DE-BY,00+,2023-01-22,2023-01-22,0 week ahead inc case,quantile,0.5,seasonal_influenza,753.5
DE-BY,00+,2023-01-22,2023-01-22,0 week ahead inc case,quantile,0.75,seasonal_influenza,779.5
DE-BY,00+,2023-01-22,2023-01-22,0 week ahead inc case,quantile,0.9,seasonal_influenza,808.5
DE-BY,00+,2023-01-22,2023-01-22,0 week ahead inc case,quantile,0.975,seasonal_influenza,846.5
DE-HB,00+,2023-01-22,2022-12-25,-4 week ahead inc case,mean,NA,seasonal_influenza,86.5
DE-HB,00+,2023-01-22,2022-12-25,-4 week ahead inc case,quantile,0.025,seasonal_influenza,86.5
DE-HB,00+,2023-01-22,2022-12-25,-4 week ahead inc case,quantile,0.1,seasonal_influenza,86.5
DE-HB,00+,2023-01-22,2022-12-25,-4 week ahead inc case,quantile,0.25,seasonal_influenza,86.5
DE-HB,00+,2023-01-22,2022-12-25,-4 week ahead inc case,quantile,0.5,seasonal_influenza,86.5
DE-HB,00+,2023-01-22,2022-12-25,-4 week ahead inc case,quantile,0.75,seasonal_influenza,86.5
DE-HB,00+,2023-01-22,2022-12-25,-4 week ahead inc case,quantile,0.9,seasonal_influenza,86.5
DE-HB,00+,2023-01-22,2022-12-25,-4 week ahead inc case,quantile,0.975,seasonal_influenza,86.5
DE-HB,00+,2023-01-22,2023-01-01,-3 week ahead inc case,mean,NA,seasonal_influenza,105.07849999999999
DE-HB,00+,2023-01-22,2023-01-01,-3 week ahead inc case,quantile,0.025,seasonal_influenza,105
DE-HB,00+,2023-01-22,2023-01-01,-3 week ahead inc case,quantile,0.1,seasonal_influenza,105
DE-HB,00+,2023-01-22,2023-01-01,-3 week ahead inc case,quantile,0.25,seasonal_influenza,105
DE-HB,00+,2023-01-22,2023-01-01,-3 week ahead inc case,quantile,0.5,seasonal_influenza,105
DE-HB,00+,2023-01-22,2023-01-01,-3 week ahead inc case,quantile,0.75,seasonal_influenza,105
DE-HB,00+,2023-01-22,2023-01-01,-3 week ahead inc case,quantile,0.9,seasonal_influenza,106
DE-HB,00+,2023-01-22,2023-01-01,-3 week ahead inc case,quantile,0.975,seasonal_influenza,107
DE-HB,00+,2023-01-22,2023-01-08,-2 week ahead inc case,mean,NA,seasonal_influenza,65.07300000000001
DE-HB,00+,2023-01-22,2023-01-08,-2 week ahead inc case,quantile,0.025,seasonal_influenza,65
DE-HB,00+,2023-01-22,2023-01-08,-2 week ahead inc case,quantile,0.1,seasonal_influenza,65
DE-HB,00+,2023-01-22,2023-01-08,-2 week ahead inc case,quantile,0.25,seasonal_influenza,65
DE-HB,00+,2023-01-22,2023-01-08,-2 week ahead inc case,quantile,0.5,seasonal_influenza,65
DE-HB,00+,2023-01-22,2023-01-08,-2 week ahead inc case,quantile,0.75,seasonal_influenza,65
DE-HB,00+,2023-01-22,2023-01-08,-2 week ahead inc case,quantile,0.9,seasonal_influenza,66
DE-HB,00+,2023-01-22,2023-01-08,-2 week ahead inc case,quantile,0.975,seasonal_influenza,68
DE-HB,00+,2023-01-22,2023-01-15,-1 week ahead inc case,mean,NA,seasonal_influenza,12.5725
DE-HB,00+,2023-01-22,2023-01-15,-1 week ahead inc case,quantile,0.025,seasonal_influenza,12
DE-HB,00+,2023-01-22,2023-01-15,-1 week ahead inc case,quantile,0.1,seasonal_influenza,12
DE-HB,00+,2023-01-22,2023-01-15,-1 week ahead inc case,quantile,0.25,seasonal_influenza,12
DE-HB,00+,2023-01-22,2023-01-15,-1 week ahead inc case,quantile,0.5,seasonal_influenza,12
DE-HB,00+,2023-01-22,2023-01-15,-1 week ahead inc case,quantile,0.75,seasonal_influenza,12
DE-HB,00+,2023-01-22,2023-01-15,-1 week ahead inc case,quantile,0.9,seasonal_influenza,13.5
DE-HB,00+,2023-01-22,2023-01-15,-1 week ahead inc case,quantile,0.975,seasonal_influenza,15
DE-HB,00+,2023-01-22,2023-01-22,0 week ahead inc case,mean,NA,seasonal_influenza,5.8575
DE-HB,00+,2023-01-22,2023-01-22,0 week ahead inc case,quantile,0.025,seasonal_influenza,5
DE-HB,00+,2023-01-22,2023-01-22,0 week ahead inc case,quantile,0.1,seasonal_influenza,5
DE-HB,00+,2023-01-22,2023-01-22,0 week ahead inc case,quantile,0.25,seasonal_influenza,5
DE-HB,00+,2023-01-22,2023-01-22,0 week ahead inc case,quantile,0.5,seasonal_influenza,5
DE-HB,00+,2023-01-22,2023-01-22,0 week ahead inc case,quantile,0.75,seasonal_influenza,5.5
DE-HB,00+,2023-01-22,2023-01-22,0 week ahead inc case,quantile,0.9,seasonal_influenza,7.5
DE-HB,00+,2023-01-22,2023-01-22,0 week ahead inc case,quantile,0.975,seasonal_influenza,12
DE-HE,00+,2023-01-22,2022-12-25,-4 week ahead inc case,mean,NA,seasonal_influenza,2293
DE-HE,00+,2023-01-22,2022-12-25,-4 week ahead inc case,quantile,0.025,seasonal_influenza,2289.5
DE-HE,00+,2023-01-22,2022-12-25,-4 week ahead inc case,quantile,0.1,seasonal_influenza,2290.5
DE-HE,00+,2023-01-22,2022-12-25,-4 week ahead inc case,quantile,0.25,seasonal_influenza,2291.5
DE-HE,00+,2023-01-22,2022-12-25,-4 week ahead inc case,quantile,0.5,seasonal_influenza,2292.5
DE-HE,00+,2023-01-22,2022-12-25,-4 week ahead inc case,quantile,0.75,seasonal_influenza,2294
DE-HE,00+,2023-01-22,2022-12-25,-4 week ahead inc case,quantile,0.9,seasonal_influenza,2295.5
DE-HE,00+,2023-01-22,2022-12-25,-4 week ahead inc case,quantile,0.975,seasonal_influenza,2297
DE-HE,00+,2023-01-22,2023-01-01,-3 week ahead inc case,mean,NA,seasonal_influenza,1163.385
DE-HE,00+,2023-01-22,2023-01-01,-3 week ahead inc case,quantile,0.025,seasonal_influenza,1154
DE-HE,00+,2023-01-22,2023-01-01,-3 week ahead inc case,quantile,0.1,seasonal_influenza,1156
DE-HE,00+,2023-01-22,2023-01-01,-3 week ahead inc case,quantile,0.25,seasonal_influenza,1158
DE-HE,00+,2023-01-22,2023-01-01,-3 week ahead inc case,quantile,0.5,seasonal_influenza,1161.5
DE-HE,00+,2023-01-22,2023-01-01,-3 week ahead inc case,quantile,0.75,seasonal_influenza,1167
DE-HE,00+,2023-01-22,2023-01-01,-3 week ahead inc case,quantile,0.9,seasonal_influenza,1172.5
DE-HE,00+,2023-01-22,2023-01-01,-3 week ahead inc case,quantile,0.975,seasonal_influenza,1181.5
DE-HE,00+,2023-01-22,2023-01-08,-2 week ahead inc case,mean,NA,seasonal_influenza,798.3389999999999
DE-HE,00+,2023-01-22,2023-01-08,-2 week ahead inc case,quantile,0.025,seasonal_influenza,786.5
DE-HE,00+,2023-01-22,2023-01-08,-2 week ahead inc case,quantile,0.1,seasonal_influenza,789
DE-HE,00+,2023-01-22,2023-01-08,-2 week ahead inc case,quantile,0.25,seasonal_influenza,791.5
DE-HE,00+,2023-01-22,2023-01-08,-2 week ahead inc case,quantile,0.5,seasonal_influenza,796.5
DE-HE,00+,2023-01-22,2023-01-08,-2 week ahead inc case,quantile,0.75,seasonal_influenza,803
DE-HE,00+,2023-01-22,2023-01-08,-2 week ahead inc case,quantile,0.9,seasonal_influenza,810.5
DE-HE,00+,2023-01-22,2023-01-08,-2 week ahead inc case,quantile,0.975,seasonal_influenza,821.5
DE-HE,00+,2023-01-22,2023-01-15,-1 week ahead inc case,mean,NA,seasonal_influenza,391.6295
DE-HE,00+,2023-01-22,2023-01-15,-1 week ahead inc case,quantile,0.025,seasonal_influenza,377.5
DE-HE,00+,2023-01-22,2023-01-15,-1 week ahead inc case,quantile,0.1,seasonal_influenza,380
DE-HE,00+,2023-01-22,2023-01-15,-1 week ahead inc case,quantile,0.25,seasonal_influenza,383.5
DE-HE,00+,2023-01-22,2023-01-15,-1 week ahead inc case,quantile,0.5,seasonal_influenza,389.5
DE-HE,00+,2023-01-22,2023-01-15,-1 week ahead inc case,quantile,0.75,seasonal_influenza,397
DE-HE,00+,2023-01-22,2023-01-15,-1 week ahead inc case,quantile,0.9,seasonal_influenza,405.5
DE-HE,00+,2023-01-22,2023-01-15,-1 week ahead inc case,quantile,0.975,seasonal_influenza,417.5
DE-HE,00+,2023-01-22,2023-01-22,0 week ahead inc case,mean,NA,seasonal_influenza,179.024
DE-HE,00+,2023-01-22,2023-01-22,0 week ahead inc case,quantile,0.025,seasonal_influenza,161.5
DE-HE,00+,2023-01-22,2023-01-22,0 week ahead inc case,quantile,0.1,seasonal_influenza,165
DE-HE,00+,2023-01-22,2023-01-22,0 week ahead inc case,quantile,0.25,seasonal_influenza,169.5
DE-HE,00+,2023-01-22,2023-01-22,0 week ahead inc case,quantile,0.5,seasonal_influenza,176.5
DE-HE,00+,2023-01-22,2023-01-22,0 week ahead inc case,quantile,0.75,seasonal_influenza,185.5
DE-HE,00+,2023-01-22,2023-01-22,0 week ahead inc case,quantile,0.9,seasonal_influenza,196.5
DE-HE,00+,2023-01-22,2023-01-22,0 week ahead inc case,quantile,0.975,seasonal_influenza,213
DE-HH,00+,2023-01-22,2022-12-25,-4 week ahead inc case,mean,NA,seasonal_influenza,874.5
DE-HH,00+,2023-01-22,2022-12-25,-4 week ahead inc case,quantile,0.025,seasonal_influenza,868.5
DE-HH,00+,2023-01-22,2022-12-25,-4 week ahead inc case,quantile,0.1,seasonal_influenza,868.5
DE-HH,00+,2023-01-22,2022-12-25,-4 week ahead inc case,quantile,0.25,seasonal_influenza,869.5
DE-HH,00+,2023-01-22,2022-12-25,-4 week ahead inc case,quantile,0.5,seasonal_influenza,872
DE-HH,00+,2023-01-22,2022-12-25,-4 week ahead inc case,quantile,0.75,seasonal_influenza,876.5
DE-HH,00+,2023-01-22,2022-12-25,-4 week ahead inc case,quantile,0.9,seasonal_influenza,883
DE-HH,00+,2023-01-22,2022-12-25,-4 week ahead inc case,quantile,0.975,seasonal_influenza,893.5
DE-HH,00+,2023-01-22,2023-01-01,-3 week ahead inc case,mean,NA,seasonal_influenza,430.45550000000003
DE-HH,00+,2023-01-22,2023-01-01,-3 week ahead inc case,quantile,0.025,seasonal_influenza,420
DE-HH,00+,2023-01-22,2023-01-01,-3 week ahead inc case,quantile,0.1,seasonal_influenza,421
DE-HH,00+,2023-01-22,2023-01-01,-3 week ahead inc case,quantile,0.25,seasonal_influenza,423
DE-HH,00+,2023-01-22,2023-01-01,-3 week ahead inc case,quantile,0.5,seasonal_influenza,427
DE-HH,00+,2023-01-22,2023-01-01,-3 week ahead inc case,quantile,0.75,seasonal_influenza,434.5
DE-HH,00+,2023-01-22,2023-01-01,-3 week ahead inc case,quantile,0.9,seasonal_influenza,443.5
DE-HH,00+,2023-01-22,2023-01-01,-3 week ahead inc case,quantile,0.975,seasonal_influenza,458
DE-HH,00+,2023-01-22,2023-01-08,-2 week ahead inc case,mean,NA,seasonal_influenza,339.55600000000004
DE-HH,00+,2023-01-22,2023-01-08,-2 week ahead inc case,quantile,0.025,seasonal_influenza,326.5
DE-HH,00+,2023-01-22,2023-01-08,-2 week ahead inc case,quantile,0.1,seasonal_influenza,328
DE-HH,00+,2023-01-22,2023-01-08,-2 week ahead inc case,quantile,0.25,seasonal_influenza,330.5
DE-HH,00+,2023-01-22,2023-01-08,-2 week ahead inc case,quantile,0.5,seasonal_influenza,336.5
DE-HH,00+,2023-01-22,2023-01-08,-2 week ahead inc case,quantile,0.75,seasonal_influenza,345.5
DE-HH,00+,2023-01-22,2023-01-08,-2 week ahead inc case,quantile,0.9,seasonal_influenza,356.5
DE-HH,00+,2023-01-22,2023-01-08,-2 week ahead inc case,quantile,0.975,seasonal_influenza,374
DE-HH,00+,2023-01-22,2023-01-15,-1 week ahead inc case,mean,NA,seasonal_influenza,176.4245
DE-HH,00+,2023-01-22,2023-01-15,-1 week ahead inc case,quantile,0.025,seasonal_influenza,160.5
DE-HH,00+,2023-01-22,2023-01-15,-1 week ahead inc case,quantile,0.1,seasonal_influenza,162
DE-HH,00+,2023-01-22,2023-01-15,-1 week ahead inc case,quantile,0.25,seasonal_influenza,165.5
DE-HH,00+,2023-01-22,2023-01-15,-1 week ahead inc case,quantile,0.5,seasonal_influenza,172
DE-HH,00+,2023-01-22,2023-01-15,-1 week ahead inc case,quantile,0.75,seasonal_influenza,182.5
DE-HH,00+,2023-01-22,2023-01-15,-1 week ahead inc case,quantile,0.9,seasonal_influenza,196
DE-HH,00+,2023-01-22,2023-01-15,-1 week ahead inc case,quantile,0.975,seasonal_influenza,215.5
DE-HH,00+,2023-01-22,2023-01-22,0 week ahead inc case,mean,NA,seasonal_influenza,85.699
DE-HH,00+,2023-01-22,2023-01-22,0 week ahead inc case,quantile,0.025,seasonal_influenza,65.5
DE-HH,00+,2023-01-22,2023-01-22,0 week ahead inc case,quantile,0.1,seasonal_influenza,68.5
DE-HH,00+,2023-01-22,2023-01-22,0 week ahead inc case,quantile,0.25,seasonal_influenza,73
DE-HH,00+,2023-01-22,2023-01-22,0 week ahead inc case,quantile,0.5,seasonal_influenza,81
DE-HH,00+,2023-01-22,2023-01-22,0 week ahead inc case,quantile,0.75,seasonal_influenza,93
DE-HH,00+,2023-01-22,2023-01-22,0 week ahead inc case,quantile,0.9,seasonal_influenza,109
DE-HH,00+,2023-01-22,2023-01-22,0 week ahead inc case,quantile,0.975,seasonal_influenza,132
DE-MV,00+,2023-01-22,2022-12-25,-4 week ahead inc case,mean,NA,seasonal_influenza,1981
DE-MV,00+,2023-01-22,2022-12-25,-4 week ahead inc case,quantile,0.025,seasonal_influenza,1975.5
DE-MV,00+,2023-01-22,2022-12-25,-4 week ahead inc case,quantile,0.1,seasonal_influenza,1975.5
DE-MV,00+,2023-01-22,2022-12-25,-4 week ahead inc case,quantile,0.25,seasonal_influenza,1975.5
DE-MV,00+,2023-01-22,2022-12-25,-4 week ahead inc case,quantile,0.5,seasonal_influenza,1976
DE-MV,00+,2023-01-22,2022-12-25,-4 week ahead inc case,quantile,0.75,seasonal_influenza,1980.5
DE-MV,00+,2023-01-22,2022-12-25,-4 week ahead inc case,quantile,0.9,seasonal_influenza,1992.5
DE-MV,00+,2023-01-22,2022-12-25,-4 week ahead inc case,quantile,0.975,seasonal_influenza,2018.5
DE-MV,00+,2023-01-22,2023-01-01,-3 week ahead inc case,mean,NA,seasonal_influenza,775.913
DE-MV,00+,2023-01-22,2023-01-01,-3 week ahead inc case,quantile,0.025,seasonal_influenza,767
DE-MV,00+,2023-01-22,2023-01-01,-3 week ahead inc case,quantile,0.1,seasonal_influenza,767
DE-MV,00+,2023-01-22,2023-01-01,-3 week ahead inc case,quantile,0.25,seasonal_influenza,767
DE-MV,00+,2023-01-22,2023-01-01,-3 week ahead inc case,quantile,0.5,seasonal_influenza,768.5
DE-MV,00+,2023-01-22,2023-01-01,-3 week ahead inc case,quantile,0.75,seasonal_influenza,776
DE-MV,00+,2023-01-22,2023-01-01,-3 week ahead inc case,quantile,0.9,seasonal_influenza,793.5
DE-MV,00+,2023-01-22,2023-01-01,-3 week ahead inc case,quantile,0.975,seasonal_influenza,828
DE-MV,00+,2023-01-22,2023-01-08,-2 week ahead inc case,mean,NA,seasonal_influenza,456.267
DE-MV,00+,2023-01-22,2023-01-08,-2 week ahead inc case,quantile,0.025,seasonal_influenza,446
DE-MV,00+,2023-01-22,2023-01-08,-2 week ahead inc case,quantile,0.1,seasonal_influenza,446
DE-MV,00+,2023-01-22,2023-01-08,-2 week ahead inc case,quantile,0.25,seasonal_influenza,446
DE-MV,00+,2023-01-22,2023-01-08,-2 week ahead inc case,quantile,0.5,seasonal_influenza,446.5
DE-MV,00+,2023-01-22,2023-01-08,-2 week ahead inc case,quantile,0.75,seasonal_influenza,452
DE-MV,00+,2023-01-22,2023-01-08,-2 week ahead inc case,quantile,0.9,seasonal_influenza,475.5
DE-MV,00+,2023-01-22,2023-01-08,-2 week ahead inc case,quantile,0.975,seasonal_influenza,534.5
DE-MV,00+,2023-01-22,2023-01-15,-1 week ahead inc case,mean,NA,seasonal_influenza,172.25799999999998
DE-MV,00+,2023-01-22,2023-01-15,-1 week ahead inc case,quantile,0.025,seasonal_influenza,161.5
DE-MV,00+,2023-01-22,2023-01-15,-1 week ahead inc case,quantile,0.1,seasonal_influenza,161.5
DE-MV,00+,2023-01-22,2023-01-15,-1 week ahead inc case,quantile,0.25,seasonal_influenza,161.5
DE-MV,00+,2023-01-22,2023-01-15,-1 week ahead inc case,quantile,0.5,seasonal_influenza,162.5
DE-MV,00+,2023-01-22,2023-01-15,-1 week ahead inc case,quantile,0.75,seasonal_influenza,169.5
DE-MV,00+,2023-01-22,2023-01-15,-1 week ahead inc case,quantile,0.9,seasonal_influenza,193.5
DE-MV,00+,2023-01-22,2023-01-15,-1 week ahead inc case,quantile,0.975,seasonal_influenza,247.5
DE-MV,00+,2023-01-22,2023-01-22,0 week ahead inc case,mean,NA,seasonal_influenza,93.5215
DE-MV,00+,2023-01-22,2023-01-22,0 week ahead inc case,quantile,0.025,seasonal_influenza,79
DE-MV,00+,2023-01-22,2023-01-22,0 week ahead inc case,quantile,0.1,seasonal_influenza,80
DE-MV,00+,2023-01-22,2023-01-22,0 week ahead inc case,quantile,0.25,seasonal_influenza,82.5
DE-MV,00+,2023-01-22,2023-01-22,0 week ahead inc case,quantile,0.5,seasonal_influenza,88.5
DE-MV,00+,2023-01-22,2023-01-22,0 week ahead inc case,quantile,0.75,seasonal_influenza,99
DE-MV,00+,2023-01-22,2023-01-22,0 week ahead inc case,quantile,0.9,seasonal_influenza,113.5
DE-MV,00+,2023-01-22,2023-01-22,0 week ahead inc case,quantile,0.975,seasonal_influenza,136.5
DE-NI,00+,2023-01-22,2022-12-25,-4 week ahead inc case,mean,NA,seasonal_influenza,3751
DE-NI,00+,2023-01-22,2022-12-25,-4 week ahead inc case,quantile,0.025,seasonal_influenza,3746
DE-NI,00+,2023-01-22,2022-12-25,-4 week ahead inc case,quantile,0.1,seasonal_influenza,3746
DE-NI,00+,2023-01-22,2022-12-25,-4 week ahead inc case,quantile,0.25,seasonal_influenza,3747
DE-NI,00+,2023-01-22,2022-12-25,-4 week ahead inc case,quantile,0.5,seasonal_influenza,3749
DE-NI,00+,2023-01-22,2022-12-25,-4 week ahead inc case,quantile,0.75,seasonal_influenza,3753
DE-NI,00+,2023-01-22,2022-12-25,-4 week ahead inc case,quantile,0.9,seasonal_influenza,3758.5
DE-NI,00+,2023-01-22,2022-12-25,-4 week ahead inc case,quantile,0.975,seasonal_influenza,3766.5
DE-NI,00+,2023-01-22,2023-01-01,-3 week ahead inc case,mean,NA,seasonal_influenza,1511.0675
DE-NI,00+,2023-01-22,2023-01-01,-3 week ahead inc case,quantile,0.025,seasonal_influenza,1500
DE-NI,00+,2023-01-22,2023-01-01,-3 week ahead inc case,quantile,0.1,seasonal_influenza,1500.5
DE-NI,00+,2023-01-22,2023-01-01,-3 week ahead inc case,quantile,0.25,seasonal_influenza,1502.5
DE-NI,00+,2023-01-22,2023-01-01,-3 week ahead inc case,quantile,0.5,seasonal_influenza,1506.5
DE-NI,00+,2023-01-22,2023-01-01,-3 week ahead inc case,quantile,0.75,seasonal_influenza,1515
DE-NI,00+,2023-01-22,2023-01-01,-3 week ahead inc case,quantile,0.9,seasonal_influenza,1526
DE-NI,00+,2023-01-22,2023-01-01,-3 week ahead inc case,quantile,0.975,seasonal_influenza,1544
DE-NI,00+,2023-01-22,2023-01-08,-2 week ahead inc case,mean,NA,seasonal_influenza,1006.6904999999999
DE-NI,00+,2023-01-22,2023-01-08,-2 week ahead inc case,quantile,0.025,seasonal_influenza,994
DE-NI,00+,2023-01-22,2023-01-08,-2 week ahead inc case,quantile,0.1,seasonal_influenza,995.5
DE-NI,00+,2023-01-22,2023-01-08,-2 week ahead inc case,quantile,0.25,seasonal_influenza,998.5
DE-NI,00+,2023-01-22,2023-01-08,-2 week ahead inc case,quantile,0.5,seasonal_influenza,1004
DE-NI,00+,2023-01-22,2023-01-08,-2 week ahead inc case,quantile,0.75,seasonal_influenza,1011.5
DE-NI,00+,2023-01-22,2023-01-08,-2 week ahead inc case,quantile,0.9,seasonal_influenza,1020
DE-NI,00+,2023-01-22,2023-01-08,-2 week ahead inc case,quantile,0.975,seasonal_influenza,1034
DE-NI,00+,2023-01-22,2023-01-15,-1 week ahead inc case,mean,NA,seasonal_influenza,338.3
DE-NI,00+,2023-01-22,2023-01-15,-1 week ahead inc case,quantile,0.025,seasonal_influenza,324.5
DE-NI,00+,2023-01-22,2023-01-15,-1 week ahead inc case,quantile,0.1,seasonal_influenza,327
DE-NI,00+,2023-01-22,2023-01-15,-1 week ahead inc case,quantile,0.25,seasonal_influenza,330.5
DE-NI,00+,2023-01-22,2023-01-15,-1 week ahead inc case,quantile,0.5,seasonal_influenza,336
DE-NI,00+,2023-01-22,2023-01-15,-1 week ahead inc case,quantile,0.75,seasonal_influenza,343.5
DE-NI,00+,2023-01-22,2023-01-15,-1 week ahead inc case,quantile,0.9,seasonal_influenza,352
DE-NI,00+,2023-01-22,2023-01-15,-1 week ahead inc case,quantile,0.975,seasonal_influenza,365
DE-NI,00+,2023-01-22,2023-01-22,0 week ahead inc case,mean,NA,seasonal_influenza,180.8005
DE-NI,00+,2023-01-22,2023-01-22,0 week ahead inc case,quantile,0.025,seasonal_influenza,154.5
DE-NI,00+,2023-01-22,2023-01-22,0 week ahead inc case,quantile,0.1,seasonal_influenza,160
DE-NI,00+,2023-01-22,2023-01-22,0 week ahead inc case,quantile,0.25,seasonal_influenza,165.5
DE-NI,00+,2023-01-22,2023-01-22,0 week ahead inc case,quantile,0.5,seasonal_influenza,175
DE-NI,00+,2023-01-22,2023-01-22,0 week ahead inc case,quantile,0.75,seasonal_influenza,189
DE-NI,00+,2023-01-22,2023-01-22,0 week ahead inc case,quantile,0.9,seasonal_influenza,207.5
DE-NI,00+,2023-01-22,2023-01-22,0 week ahead inc case,quantile,0.975,seasonal_influenza,239
DE-NW,00+,2023-01-22,2022-12-25,-4 week ahead inc case,mean,NA,seasonal_influenza,7662
DE-NW,00+,2023-01-22,2022-12-25,-4 week ahead inc case,quantile,0.025,seasonal_influenza,7643
DE-NW,00+,2023-01-22,2022-12-25,-4 week ahead inc case,quantile,0.1,seasonal_influenza,7645
DE-NW,00+,2023-01-22,2022-12-25,-4 week ahead inc case,quantile,0.25,seasonal_influenza,7649.5
DE-NW,00+,2023-01-22,2022-12-25,-4 week ahead inc case,quantile,0.5,seasonal_influenza,7657
DE-NW,00+,2023-01-22,2022-12-25,-4 week ahead inc case,quantile,0.75,seasonal_influenza,7669.5
DE-NW,00+,2023-01-22,2022-12-25,-4 week ahead inc case,quantile,0.9,seasonal_influenza,7684.5
DE-NW,00+,2023-01-22,2022-12-25,-4 week ahead inc case,quantile,0.975,seasonal_influenza,7706.5
DE-NW,00+,2023-01-22,2023-01-01,-3 week ahead inc case,mean,NA,seasonal_influenza,3007.559
DE-NW,00+,2023-01-22,2023-01-01,-3 week ahead inc case,quantile,0.025,seasonal_influenza,2974
DE-NW,00+,2023-01-22,2023-01-01,-3 week ahead inc case,quantile,0.1,seasonal_influenza,2978.5
DE-NW,00+,2023-01-22,2023-01-01,-3 week ahead inc case,quantile,0.25,seasonal_influenza,2985.5
DE-NW,00+,2023-01-22,2023-01-01,-3 week ahead inc case,quantile,0.5,seasonal_influenza,3000
DE-NW,00+,2023-01-22,2023-01-01,-3 week ahead inc case,quantile,0.75,seasonal_influenza,3020
DE-NW,00+,2023-01-22,2023-01-01,-3 week ahead inc case,quantile,0.9,seasonal_influenza,3046.5
DE-NW,00+,2023-01-22,2023-01-01,-3 week ahead inc case,quantile,0.975,seasonal_influenza,3087
DE-NW,00+,2023-01-22,2023-01-08,-2 week ahead inc case,mean,NA,seasonal_influenza,2280.8469999999998
DE-NW,00+,2023-01-22,2023-01-08,-2 week ahead inc case,quantile,0.025,seasonal_influenza,2236.5
DE-NW,00+,2023-01-22,2023-01-08,-2 week ahead inc case,quantile,0.1,seasonal_influenza,2243.5
DE-NW,00+,2023-01-22,2023-01-08,-2 week ahead inc case,quantile,0.25,seasonal_influenza,2254
DE-NW,00+,2023-01-22,2023-01-08,-2 week ahead inc case,quantile,0.5,seasonal_influenza,2272
DE-NW,00+,2023-01-22,2023-01-08,-2 week ahead inc case,quantile,0.75,seasonal_influenza,2298
DE-NW,00+,2023-01-22,2023-01-08,-2 week ahead inc case,quantile,0.9,seasonal_influenza,2329
DE-NW,00+,2023-01-22,2023-01-08,-2 week ahead inc case,quantile,0.975,seasonal_influenza,2375.5
DE-NW,00+,2023-01-22,2023-01-15,-1 week ahead inc case,mean,NA,seasonal_influenza,869.989
DE-NW,00+,2023-01-22,2023-01-15,-1 week ahead inc case,quantile,0.025,seasonal_influenza,820.5
DE-NW,00+,2023-01-22,2023-01-15,-1 week ahead inc case,quantile,0.1,seasonal_influenza,828.5
DE-NW,00+,2023-01-22,2023-01-15,-1 week ahead inc case,quantile,0.25,seasonal_influenza,840.5
DE-NW,00+,2023-01-22,2023-01-15,-1 week ahead inc case,quantile,0.5,seasonal_influenza,861
DE-NW,00+,2023-01-22,2023-01-15,-1 week ahead inc case,quantile,0.75,seasonal_influenza,890
DE-NW,00+,2023-01-22,2023-01-15,-1 week ahead inc case,quantile,0.9,seasonal_influenza,924
DE-NW,00+,2023-01-22,2023-01-15,-1 week ahead inc case,quantile,0.975,seasonal_influenza,972
DE-NW,00+,2023-01-22,2023-01-22,0 week ahead inc case,mean,NA,seasonal_influenza,500.147
DE-NW,00+,2023-01-22,2023-01-22,0 week ahead inc case,quantile,0.025,seasonal_influenza,429
DE-NW,00+,2023-01-22,2023-01-22,0 week ahead inc case,quantile,0.1,seasonal_influenza,442.5
DE-NW,00+,2023-01-22,2023-01-22,0 week ahead inc case,quantile,0.25,seasonal_influenza,460
DE-NW,00+,2023-01-22,2023-01-22,0 week ahead inc case,quantile,0.5,seasonal_influenza,487.5
DE-NW,00+,2023-01-22,2023-01-22,0 week ahead inc case,quantile,0.75,seasonal_influenza,526
DE-NW,00+,2023-01-22,2023-01-22,0 week ahead inc case,quantile,0.9,seasonal_influenza,572
DE-NW,00+,2023-01-22,2023-01-22,0 week ahead inc case,quantile,0.975,seasonal_influenza,645.5
DE-RP,00+,2023-01-22,2022-12-25,-4 week ahead inc case,mean,NA,seasonal_influenza,2461.5
DE-RP,00+,2023-01-22,2022-12-25,-4 week ahead inc case,quantile,0.025,seasonal_influenza,2460
DE-RP,00+,2023-01-22,2022-12-25,-4 week ahead inc case,quantile,0.1,seasonal_influenza,2460
DE-RP,00+,2023-01-22,2022-12-25,-4 week ahead inc case,quantile,0.25,seasonal_influenza,2460
DE-RP,00+,2023-01-22,2022-12-25,-4 week ahead inc case,quantile,0.5,seasonal_influenza,2460.5
DE-RP,00+,2023-01-22,2022-12-25,-4 week ahead inc case,quantile,0.75,seasonal_influenza,2462
DE-RP,00+,2023-01-22,2022-12-25,-4 week ahead inc case,quantile,0.9,seasonal_influenza,2464.5
DE-RP,00+,2023-01-22,2022-12-25,-4 week ahead inc case,quantile,0.975,seasonal_influenza,2468.5
DE-RP,00+,2023-01-22,2023-01-01,-3 week ahead inc case,mean,NA,seasonal_influenza,917.3109999999999
DE-RP,00+,2023-01-22,2023-01-01,-3 week ahead inc case,quantile,0.025,seasonal_influenza,914
DE-RP,00+,2023-01-22,2023-01-01,-3 week ahead inc case,quantile,0.1,seasonal_influenza,914
DE-RP,00+,2023-01-22,2023-01-01,-3 week ahead inc case,quantile,0.25,seasonal_influenza,914
DE-RP,00+,2023-01-22,2023-01-01,-3 week ahead inc case,quantile,0.5,seasonal_influenza,915.5
DE-RP,00+,2023-01-22,2023-01-01,-3 week ahead inc case,quantile,0.75,seasonal_influenza,918.5
DE-RP,00+,2023-01-22,2023-01-01,-3 week ahead inc case,quantile,0.9,seasonal_influenza,923.5
DE-RP,00+,2023-01-22,2023-01-01,-3 week ahead inc case,quantile,0.975,seasonal_influenza,932
DE-RP,00+,2023-01-22,2023-01-08,-2 week ahead inc case,mean,NA,seasonal_influenza,1064.362
DE-RP,00+,2023-01-22,2023-01-08,-2 week ahead inc case,quantile,0.025,seasonal_influenza,1055.5
DE-RP,00+,2023-01-22,2023-01-08,-2 week ahead inc case,quantile,0.1,seasonal_influenza,1055.5
DE-RP,00+,2023-01-22,2023-01-08,-2 week ahead inc case,quantile,0.25,seasonal_influenza,1055.5
DE-RP,00+,2023-01-22,2023-01-08,-2 week ahead inc case,quantile,0.5,seasonal_influenza,1058.5
DE-RP,00+,2023-01-22,2023-01-08,-2 week ahead inc case,quantile,0.75,seasonal_influenza,1066
DE-RP,00+,2023-01-22,2023-01-08,-2 week ahead inc case,quantile,0.9,seasonal_influenza,1081
DE-RP,00+,2023-01-22,2023-01-08,-2 week ahead inc case,quantile,0.975,seasonal_influenza,1106.5
DE-RP,00+,2023-01-22,2023-01-15,-1 week ahead inc case,mean,NA,seasonal_influenza,342.6945
DE-RP,00+,2023-01-22,2023-01-15,-1 week ahead inc case,quantile,0.025,seasonal_influenza,331
DE-RP,00+,2023-01-22,2023-01-15,-1 week ahead inc case,quantile,0.1,seasonal_influenza,331
DE-RP,00+,2023-01-22,2023-01-15,-1 week ahead inc case,quantile,0.25,seasonal_influenza,332
DE-RP,00+,2023-01-22,2023-01-15,-1 week ahead inc case,quantile,0.5,seasonal_influenza,336.5
DE-RP,00+,2023-01-22,2023-01-15,-1 week ahead inc case,quantile,0.75,seasonal_influenza,346.5
DE-RP,00+,2023-01-22,2023-01-15,-1 week ahead inc case,quantile,0.9,seasonal_influenza,362
DE-RP,00+,2023-01-22,2023-01-15,-1 week ahead inc case,quantile,0.975,seasonal_influenza,389.5
DE-RP,00+,2023-01-22,2023-01-22,0 week ahead inc case,mean,NA,seasonal_influenza,116.4005
DE-RP,00+,2023-01-22,2023-01-22,0 week ahead inc case,quantile,0.025,seasonal_influenza,100.5
DE-RP,00+,2023-01-22,2023-01-22,0 week ahead inc case,quantile,0.1,seasonal_influenza,101.5
DE-RP,00+,2023-01-22,2023-01-22,0 week ahead inc case,quantile,0.25,seasonal_influenza,104
DE-RP,00+,2023-01-22,2023-01-22,0 week ahead inc case,quantile,0.5,seasonal_influenza,110.5
DE-RP,00+,2023-01-22,2023-01-22,0 week ahead inc case,quantile,0.75,seasonal_influenza,122.5
DE-RP,00+,2023-01-22,2023-01-22,0 week ahead inc case,quantile,0.9,seasonal_influenza,139
DE-RP,00+,2023-01-22,2023-01-22,0 week ahead inc case,quantile,0.975,seasonal_influenza,165.5
DE-SH,00+,2023-01-22,2022-12-25,-4 week ahead inc case,mean,NA,seasonal_influenza,1090.5
DE-SH,00+,2023-01-22,2022-12-25,-4 week ahead inc case,quantile,0.025,seasonal_influenza,1089
DE-SH,00+,2023-01-22,2022-12-25,-4 week ahead inc case,quantile,0.1,seasonal_influenza,1089
DE-SH,00+,2023-01-22,2022-12-25,-4 week ahead inc case,quantile,0.25,seasonal_influenza,1089.5
DE-SH,00+,2023-01-22,2022-12-25,-4 week ahead inc case,quantile,0.5,seasonal_influenza,1090.5
DE-SH,00+,2023-01-22,2022-12-25,-4 week ahead inc case,quantile,0.75,seasonal_influenza,1091.5
DE-SH,00+,2023-01-22,2022-12-25,-4 week ahead inc case,quantile,0.9,seasonal_influenza,1093
DE-SH,00+,2023-01-22,2022-12-25,-4 week ahead inc case,quantile,0.975,seasonal_influenza,1095.5
DE-SH,00+,2023-01-22,2023-01-01,-3 week ahead inc case,mean,NA,seasonal_influenza,520.881
DE-SH,00+,2023-01-22,2023-01-01,-3 week ahead inc case,quantile,0.025,seasonal_influenza,517
DE-SH,00+,2023-01-22,2023-01-01,-3 week ahead inc case,quantile,0.1,seasonal_influenza,517
DE-SH,00+,2023-01-22,2023-01-01,-3 week ahead inc case,quantile,0.25,seasonal_influenza,518
DE-SH,00+,2023-01-22,2023-01-01,-3 week ahead inc case,quantile,0.5,seasonal_influenza,519.5
DE-SH,00+,2023-01-22,2023-01-01,-3 week ahead inc case,quantile,0.75,seasonal_influenza,522
DE-SH,00+,2023-01-22,2023-01-01,-3 week ahead inc case,quantile,0.9,seasonal_influenza,526
DE-SH,00+,2023-01-22,2023-01-01,-3 week ahead inc case,quantile,0.975,seasonal_influenza,532
DE-SH,00+,2023-01-22,2023-01-08,-2 week ahead inc case,mean,NA,seasonal_influenza,323.0125
DE-SH,00+,2023-01-22,2023-01-08,-2 week ahead inc case,quantile,0.025,seasonal_influenza,319
DE-SH,00+,2023-01-22,2023-01-08,-2 week ahead inc case,quantile,0.1,seasonal_influenza,319.5
DE-SH,00+,2023-01-22,2023-01-08,-2 week ahead inc case,quantile,0.25,seasonal_influenza,320
DE-SH,00+,2023-01-22,2023-01-08,-2 week ahead inc case,quantile,0.5,seasonal_influenza,321.5
DE-SH,00+,2023-01-22,2023-01-08,-2 week ahead inc case,quantile,0.75,seasonal_influenza,325
DE-SH,00+,2023-01-22,2023-01-08,-2 week ahead inc case,quantile,0.9,seasonal_influenza,329
DE-SH,00+,2023-01-22,2023-01-08,-2 week ahead inc case,quantile,0.975,seasonal_influenza,335.5
DE-SH,00+,2023-01-22,2023-01-15,-1 week ahead inc case,mean,NA,seasonal_influenza,124.89
DE-SH,00+,2023-01-22,2023-01-15,-1 week ahead inc case,quantile,0.025,seasonal_influenza,120
DE-SH,00+,2023-01-22,2023-01-15,-1 week ahead inc case,quantile,0.1,seasonal_influenza,120.5
DE-SH,00+,2023-01-22,2023-01-15,-1 week ahead inc case,quantile,0.25,seasonal_influenza,121.5
DE-SH,00+,2023-01-22,2023-01-15,-1 week ahead inc case,quantile,0.5,seasonal_influenza,123.5
DE-SH,00+,2023-01-22,2023-01-15,-1 week ahead inc case,quantile,0.75,seasonal_influenza,126.5
DE-SH,00+,2023-01-22,2023-01-15,-1 week ahead inc case,quantile,0.9,seasonal_influenza,130.5
DE-SH,00+,2023-01-22,2023-01-15,-1 week ahead inc case,quantile,0.975,seasonal_influenza,137
DE-SH,00+,2023-01-22,2023-01-22,0 week ahead inc case,mean,NA,seasonal_influenza,61.8245
DE-SH,00+,2023-01-22,2023-01-22,0 week ahead inc case,quantile,0.025,seasonal_influenza,53.5
DE-SH,00+,2023-01-22,2023-01-22,0 week ahead inc case,quantile,0.1,seasonal_influenza,54.5
DE-SH,00+,2023-01-22,2023-01-22,0 week ahead inc case,quantile,0.25,seasonal_influenza,56.5
DE-SH,00+,2023-01-22,2023-01-22,0 week ahead inc case,quantile,0.5,seasonal_influenza,59.5
DE-SH,00+,2023-01-22,2023-01-22,0 week ahead inc case,quantile,0.75,seasonal_influenza,65
DE-SH,00+,2023-01-22,2023-01-22,0 week ahead inc case,quantile,0.9,seasonal_influenza,71
DE-SH,00+,2023-01-22,2023-01-22,0 week ahead inc case,quantile,0.975,seasonal_influenza,80.5
DE-SL,00+,2023-01-22,2022-12-25,-4 week ahead inc case,mean,NA,seasonal_influenza,530
DE-SL,00+,2023-01-22,2022-12-25,-4 week ahead inc case,quantile,0.025,seasonal_influenza,529
DE-SL,00+,2023-01-22,2022-12-25,-4 week ahead inc case,quantile,0.1,seasonal_influenza,529
DE-SL,00+,2023-01-22,2022-12-25,-4 week ahead inc case,quantile,0.25,seasonal_influenza,529
DE-SL,00+,2023-01-22,2022-12-25,-4 week ahead inc case,quantile,0.5,seasonal_influenza,529
DE-SL,00+,2023-01-22,2022-12-25,-4 week ahead inc case,quantile,0.75,seasonal_influenza,530
DE-SL,00+,2023-01-22,2022-12-25,-4 week ahead inc case,quantile,0.9,seasonal_influenza,532
DE-SL,00+,2023-01-22,2022-12-25,-4 week ahead inc case,quantile,0.975,seasonal_influenza,535.5
DE-SL,00+,2023-01-22,2023-01-01,-3 week ahead inc case,mean,NA,seasonal_influenza,174.6825
DE-SL,00+,2023-01-22,2023-01-01,-3 week ahead inc case,quantile,0.025,seasonal_influenza,173
DE-SL,00+,2023-01-22,2023-01-01,-3 week ahead inc case,quantile,0.1,seasonal_influenza,173
DE-SL,00+,2023-01-22,2023-01-01,-3 week ahead inc case,quantile,0.25,seasonal_influenza,173
DE-SL,00+,2023-01-22,2023-01-01,-3 week ahead inc case,quantile,0.5,seasonal_influenza,173.5
DE-SL,00+,2023-01-22,2023-01-01,-3 week ahead inc case,quantile,0.75,seasonal_influenza,175
DE-SL,00+,2023-01-22,2023-01-01,-3 week ahead inc case,quantile,0.9,seasonal_influenza,177.5
DE-SL,00+,2023-01-22,2023-01-01,-3 week ahead inc case,quantile,0.975,seasonal_influenza,183.5
DE-SL,00+,2023-01-22,2023-01-08,-2 week ahead inc case,mean,NA,seasonal_influenza,200.6565
DE-SL,00+,2023-01-22,2023-01-08,-2 week ahead inc case,quantile,0.025,seasonal_influenza,198
DE-SL,00+,2023-01-22,2023-01-08,-2 week ahead inc case,quantile,0.1,seasonal_influenza,198
DE-SL,00+,2023-01-22,2023-01-08,-2 week ahead inc case,quantile,0.25,seasonal_influenza,198.5
DE-SL,00+,2023-01-22,2023-01-08,-2 week ahead inc case,quantile,0.5,seasonal_influenza,199.5
DE-SL,00+,2023-01-22,2023-01-08,-2 week ahead inc case,quantile,0.75,seasonal_influenza,201
DE-SL,00+,2023-01-22,2023-01-08,-2 week ahead inc case,quantile,0.9,seasonal_influenza,204.5
DE-SL,00+,2023-01-22,2023-01-08,-2 week ahead inc case,quantile,0.975,seasonal_influenza,209.5
DE-SL,00+,2023-01-22,2023-01-15,-1 week ahead inc case,mean,NA,seasonal_influenza,51.676500000000004
DE-SL,00+,2023-01-22,2023-01-15,-1 week ahead inc case,quantile,0.025,seasonal_influenza,49
DE-SL,00+,2023-01-22,2023-01-15,-1 week ahead inc case,quantile,0.1,seasonal_influenza,49
DE-SL,00+,2023-01-22,2023-01-15,-1 week ahead inc case,quantile,0.25,seasonal_influenza,49.5
DE-SL,00+,2023-01-22,2023-01-15,-1 week ahead inc case,quantile,0.5,seasonal_influenza,50.5
DE-SL,00+,2023-01-22,2023-01-15,-1 week ahead inc case,quantile,0.75,seasonal_influenza,53.5
DE-SL,00+,2023-01-22,2023-01-15,-1 week ahead inc case,quantile,0.9,seasonal_influenza,56.5
DE-SL,00+,2023-01-22,2023-01-15,-1 week ahead inc case,quantile,0.975,seasonal_influenza,61.5
DE-SL,00+,2023-01-22,2023-01-22,0 week ahead inc case,mean,NA,seasonal_influenza,20.89
DE-SL,00+,2023-01-22,2023-01-22,0 week ahead inc case,quantile,0.025,seasonal_influenza,17
DE-SL,00+,2023-01-22,2023-01-22,0 week ahead inc case,quantile,0.1,seasonal_influenza,17.5
DE-SL,00+,2023-01-22,2023-01-22,0 week ahead inc case,quantile,0.25,seasonal_influenza,18
DE-SL,00+,2023-01-22,2023-01-22,0 week ahead inc case,quantile,0.5,seasonal_influenza,20
DE-SL,00+,2023-01-22,2023-01-22,0 week ahead inc case,quantile,0.75,seasonal_influenza,22.5
DE-SL,00+,2023-01-22,2023-01-22,0 week ahead inc case,quantile,0.9,seasonal_influenza,26.5
DE-SL,00+,2023-01-22,2023-01-22,0 week ahead inc case,quantile,0.975,seasonal_influenza,32.5
DE-SN,00+,2023-01-22,2022-12-25,-4 week ahead inc case,mean,NA,seasonal_influenza,6667
DE-SN,00+,2023-01-22,2022-12-25,-4 week ahead inc case,quantile,0.025,seasonal_influenza,6647.5
DE-SN,00+,2023-01-22,2022-12-25,-4 week ahead inc case,quantile,0.1,seasonal_influenza,6649
DE-SN,00+,2023-01-22,2022-12-25,-4 week ahead inc case,quantile,0.25,seasonal_influenza,6652.5
DE-SN,00+,2023-01-22,2022-12-25,-4 week ahead inc case,quantile,0.5,seasonal_influenza,6660.5
DE-SN,00+,2023-01-22,2022-12-25,-4 week ahead inc case,quantile,0.75,seasonal_influenza,6674.5
DE-SN,00+,2023-01-22,2022-12-25,-4 week ahead inc case,quantile,0.9,seasonal_influenza,6692.5
DE-SN,00+,2023-01-22,2022-12-25,-4 week ahead inc case,quantile,0.975,seasonal_influenza,6720.5
DE-SN,00+,2023-01-22,2023-01-01,-3 week ahead inc case,mean,NA,seasonal_influenza,2525.5275
DE-SN,00+,2023-01-22,2023-01-01,-3 week ahead inc case,quantile,0.025,seasonal_influenza,2489.5
DE-SN,00+,2023-01-22,2023-01-01,-3 week ahead inc case,quantile,0.1,seasonal_influenza,2491.5
DE-SN,00+,2023-01-22,2023-01-01,-3 week ahead inc case,quantile,0.25,seasonal_influenza,2497
DE-SN,00+,2023-01-22,2023-01-01,-3 week ahead inc case,quantile,0.5,seasonal_influenza,2512
DE-SN,00+,2023-01-22,2023-01-01,-3 week ahead inc case,quantile,0.75,seasonal_influenza,2539
DE-SN,00+,2023-01-22,2023-01-01,-3 week ahead inc case,quantile,0.9,seasonal_influenza,2577
DE-SN,00+,2023-01-22,2023-01-01,-3 week ahead inc case,quantile,0.975,seasonal_influenza,2638
DE-SN,00+,2023-01-22,2023-01-08,-2 week ahead inc case,mean,NA,seasonal_influenza,1705.9075
DE-SN,00+,2023-01-22,2023-01-08,-2 week ahead inc case,quantile,0.025,seasonal_influenza,1659.5
DE-SN,00+,2023-01-22,2023-01-08,-2 week ahead inc case,quantile,0.1,seasonal_influenza,1663
DE-SN,00+,2023-01-22,2023-01-08,-2 week ahead inc case,quantile,0.25,seasonal_influenza,1671
DE-SN,00+,2023-01-22,2023-01-08,-2 week ahead inc case,quantile,0.5,seasonal_influenza,1690
DE-SN,00+,2023-01-22,2023-01-08,-2 week ahead inc case,quantile,0.75,seasonal_influenza,1724.5
DE-SN,00+,2023-01-22,2023-01-08,-2 week ahead inc case,quantile,0.9,seasonal_influenza,1770
DE-SN,00+,2023-01-22,2023-01-08,-2 week ahead inc case,quantile,0.975,seasonal_influenza,1843.5
DE-SN,00+,2023-01-22,2023-01-15,-1 week ahead inc case,mean,NA,seasonal_influenza,591.73
DE-SN,00+,2023-01-22,2023-01-15,-1 week ahead inc case,quantile,0.025,seasonal_influenza,541
DE-SN,00+,2023-01-22,2023-01-15,-1 week ahead inc case,quantile,0.1,seasonal_influenza,545
DE-SN,00+,2023-01-22,2023-01-15,-1 week ahead inc case,quantile,0.25,seasonal_influenza,555
DE-SN,00+,2023-01-22,2023-01-15,-1 week ahead inc case,quantile,0.5,seasonal_influenza,575.5
DE-SN,00+,2023-01-22,2023-01-15,-1 week ahead inc case,quantile,0.75,seasonal_influenza,612
DE-SN,00+,2023-01-22,2023-01-15,-1 week ahead inc case,quantile,0.9,seasonal_influenza,659.5
DE-SN,00+,2023-01-22,2023-01-15,-1 week ahead inc case,quantile,0.975,seasonal_influenza,733.5
DE-SN,00+,2023-01-22,2023-01-22,0 week ahead inc case,mean,NA,seasonal_influenza,285.725
DE-SN,00+,2023-01-22,2023-01-22,0 week ahead inc case,quantile,0.025,seasonal_influenza,228
DE-SN,00+,2023-01-22,2023-01-22,0 week ahead inc case,quantile,0.1,seasonal_influenza,239.5
DE-SN,00+,2023-01-22,2023-01-22,0 week ahead inc case,quantile,0.25,seasonal_influenza,254.5
DE-SN,00+,2023-01-22,2023-01-22,0 week ahead inc case,quantile,0.5,seasonal_influenza,276.5
DE-SN,00+,2023-01-22,2023-01-22,0 week ahead inc case,quantile,0.75,seasonal_influenza,307
DE-SN,00+,2023-01-22,2023-01-22,0 week ahead inc case,quantile,0.9,seasonal_influenza,343.5
DE-SN,00+,2023-01-22,2023-01-22,0 week ahead inc case,quantile,0.975,seasonal_influenza,394.5
DE-ST,00+,2023-01-22,2022-12-25,-4 week ahead inc case,mean,NA,seasonal_influenza,2839
DE-ST,00+,2023-01-22,2022-12-25,-4 week ahead inc case,quantile,0.025,seasonal_influenza,2838.5
DE-ST,00+,2023-01-22,2022-12-25,-4 week ahead inc case,quantile,0.1,seasonal_influenza,2838.5
DE-ST,00+,2023-01-22,2022-12-25,-4 week ahead inc case,quantile,0.25,seasonal_influenza,2838.5
DE-ST,00+,2023-01-22,2022-12-25,-4 week ahead inc case,quantile,0.5,seasonal_influenza,2838.5
DE-ST,00+,2023-01-22,2022-12-25,-4 week ahead inc case,quantile,0.75,seasonal_influenza,2839.5
DE-ST,00+,2023-01-22,2022-12-25,-4 week ahead inc case,quantile,0.9,seasonal_influenza,2840
DE-ST,00+,2023-01-22,2022-12-25,-4 week ahead inc case,quantile,0.975,seasonal_influenza,2841.5
DE-ST,00+,2023-01-22,2023-01-01,-3 week ahead inc case,mean,NA,seasonal_influenza,907.448
DE-ST,00+,2023-01-22,2023-01-01,-3 week ahead inc case,quantile,0.025,seasonal_influenza,906
DE-ST,00+,2023-01-22,2023-01-01,-3 week ahead inc case,quantile,0.1,seasonal_influenza,906
DE-ST,00+,2023-01-22,2023-01-01,-3 week ahead inc case,quantile,0.25,seasonal_influenza,906
DE-ST,00+,2023-01-22,2023-01-01,-3 week ahead inc case,quantile,0.5,seasonal_influenza,906.5
DE-ST,00+,2023-01-22,2023-01-01,-3 week ahead inc case,quantile,0.75,seasonal_influenza,907.5
DE-ST,00+,2023-01-22,2023-01-01,-3 week ahead inc case,quantile,0.9,seasonal_influenza,909.5
DE-ST,00+,2023-01-22,2023-01-01,-3 week ahead inc case,quantile,0.975,seasonal_influenza,913
DE-ST,00+,2023-01-22,2023-01-08,-2 week ahead inc case,mean,NA,seasonal_influenza,558.5055
DE-ST,00+,2023-01-22,2023-01-08,-2 week ahead inc case,quantile,0.025,seasonal_influenza,557
DE-ST,00+,2023-01-22,2023-01-08,-2 week ahead inc case,quantile,0.1,seasonal_influenza,557
DE-ST,00+,2023-01-22,2023-01-08,-2 week ahead inc case,quantile,0.25,seasonal_influenza,557
DE-ST,00+,2023-01-22,2023-01-08,-2 week ahead inc case,quantile,0.5,seasonal_influenza,558
DE-ST,00+,2023-01-22,2023-01-08,-2 week ahead inc case,quantile,0.75,seasonal_influenza,559
DE-ST,00+,2023-01-22,2023-01-08,-2 week ahead inc case,quantile,0.9,seasonal_influenza,561
DE-ST,00+,2023-01-22,2023-01-08,-2 week ahead inc case,quantile,0.975,seasonal_influenza,563.5
DE-ST,00+,2023-01-22,2023-01-15,-1 week ahead inc case,mean,NA,seasonal_influenza,235.47
DE-ST,00+,2023-01-22,2023-01-15,-1 week ahead inc case,quantile,0.025,seasonal_influenza,234
DE-ST,00+,2023-01-22,2023-01-15,-1 week ahead inc case,quantile,0.1,seasonal_influenza,234
DE-ST,00+,2023-01-22,2023-01-15,-1 week ahead inc case,quantile,0.25,seasonal_influenza,234
DE-ST,00+,2023-01-22,2023-01-15,-1 week ahead inc case,quantile,0.5,seasonal_influenza,234.5
DE-ST,00+,2023-01-22,2023-01-15,-1 week ahead inc case,quantile,0.75,seasonal_influenza,236
DE-ST,00+,2023-01-22,2023-01-15,-1 week ahead inc case,quantile,0.9,seasonal_influenza,237.5
DE-ST,00+,2023-01-22,2023-01-15,-1 week ahead inc case,quantile,0.975,seasonal_influenza,241
DE-ST,00+,2023-01-22,2023-01-22,0 week ahead inc case,mean,NA,seasonal_influenza,51.936
DE-ST,00+,2023-01-22,2023-01-22,0 week ahead inc case,quantile,0.025,seasonal_influenza,48
DE-ST,00+,2023-01-22,2023-01-22,0 week ahead inc case,quantile,0.1,seasonal_influenza,48.5
DE-ST,00+,2023-01-22,2023-01-22,0 week ahead inc case,quantile,0.25,seasonal_influenza,49.5
DE-ST,00+,2023-01-22,2023-01-22,0 week ahead inc case,quantile,0.5,seasonal_influenza,51
DE-ST,00+,2023-01-22,2023-01-22,0 week ahead inc case,quantile,0.75,seasonal_influenza,53.5
DE-ST,00+,2023-01-22,2023-01-22,0 week ahead inc case,quantile,0.9,seasonal_influenza,56
DE-ST,00+,2023-01-22,2023-01-22,0 week ahead inc case,quantile,0.975,seasonal_influenza,60
DE-TH,00+,2023-01-22,2022-12-25,-4 week ahead inc case,mean,NA,seasonal_influenza,3136.5
DE-TH,00+,2023-01-22,2022-12-25,-4 week ahead inc case,quantile,0.025,seasonal_influenza,3120.5
DE-TH,00+,2023-01-22,2022-12-25,-4 week ahead inc case,quantile,0.1,seasonal_influenza,3120.5
DE-TH,00+,2023-01-22,2022-12-25,-4 week ahead inc case,quantile,0.25,seasonal_influenza,3121
DE-TH,00+,2023-01-22,2022-12-25,-4 week ahead inc case,quantile,0.5,seasonal_influenza,3126
DE-TH,00+,2023-01-22,2022-12-25,-4 week ahead inc case,quantile,0.75,seasonal_influenza,3140.5
DE-TH,00+,2023-01-22,2022-12-25,-4 week ahead inc case,quantile,0.9,seasonal_influenza,3166
DE-TH,00+,2023-01-22,2022-12-25,-4 week ahead inc case,quantile,0.975,seasonal_influenza,3211.5
DE-TH,00+,2023-01-22,2023-01-01,-3 week ahead inc case,mean,NA,seasonal_influenza,923.2674999999999
DE-TH,00+,2023-01-22,2023-01-01,-3 week ahead inc case,quantile,0.025,seasonal_influenza,898
DE-TH,00+,2023-01-22,2023-01-01,-3 week ahead inc case,quantile,0.1,seasonal_influenza,898
DE-TH,00+,2023-01-22,2023-01-01,-3 week ahead inc case,quantile,0.25,seasonal_influenza,899
DE-TH,00+,2023-01-22,2023-01-01,-3 week ahead inc case,quantile,0.5,seasonal_influenza,905.5
DE-TH,00+,2023-01-22,2023-01-01,-3 week ahead inc case,quantile,0.75,seasonal_influenza,928.5
DE-TH,00+,2023-01-22,2023-01-01,-3 week ahead inc case,quantile,0.9,seasonal_influenza,971
DE-TH,00+,2023-01-22,2023-01-01,-3 week ahead inc case,quantile,0.975,seasonal_influenza,1050
DE-TH,00+,2023-01-22,2023-01-08,-2 week ahead inc case,mean,NA,seasonal_influenza,691.738
DE-TH,00+,2023-01-22,2023-01-08,-2 week ahead inc case,quantile,0.025,seasonal_influenza,660
DE-TH,00+,2023-01-22,2023-01-08,-2 week ahead inc case,quantile,0.1,seasonal_influenza,660
DE-TH,00+,2023-01-22,2023-01-08,-2 week ahead inc case,quantile,0.25,seasonal_influenza,660.5
DE-TH,00+,2023-01-22,2023-01-08,-2 week ahead inc case,quantile,0.5,seasonal_influenza,666
DE-TH,00+,2023-01-22,2023-01-08,-2 week ahead inc case,quantile,0.75,seasonal_influenza,693.5
DE-TH,00+,2023-01-22,2023-01-08,-2 week ahead inc case,quantile,0.9,seasonal_influenza,754.5
DE-TH,00+,2023-01-22,2023-01-08,-2 week ahead inc case,quantile,0.975,seasonal_influenza,877
DE-TH,00+,2023-01-22,2023-01-15,-1 week ahead inc case,mean,NA,seasonal_influenza,227.489
DE-TH,00+,2023-01-22,2023-01-15,-1 week ahead inc case,quantile,0.025,seasonal_influenza,192.5
DE-TH,00+,2023-01-22,2023-01-15,-1 week ahead inc case,quantile,0.1,seasonal_influenza,192.5
DE-TH,00+,2023-01-22,2023-01-15,-1 week ahead inc case,quantile,0.25,seasonal_influenza,193
DE-TH,00+,2023-01-22,2023-01-15,-1 week ahead inc case,quantile,0.5,seasonal_influenza,193.5
DE-TH,00+,2023-01-22,2023-01-15,-1 week ahead inc case,quantile,0.75,seasonal_influenza,206.5
DE-TH,00+,2023-01-22,2023-01-15,-1 week ahead inc case,quantile,0.9,seasonal_influenza,285.5
DE-TH,00+,2023-01-22,2023-01-15,-1 week ahead inc case,quantile,0.975,seasonal_influenza,526.5
DE-TH,00+,2023-01-22,2023-01-22,0 week ahead inc case,mean,NA,seasonal_influenza,139.1685
DE-TH,00+,2023-01-22,2023-01-22,0 week ahead inc case,quantile,0.025,seasonal_influenza,94
DE-TH,00+,2023-01-22,2023-01-22,0 week ahead inc case,quantile,0.1,seasonal_influenza,96.5
DE-TH,00+,2023-01-22,2023-01-22,0 week ahead inc case,quantile,0.25,seasonal_influenza,102.5
DE-TH,00+,2023-01-22,2023-01-22,0 week ahead inc case,quantile,0.5,seasonal_influenza,120
DE-TH,00+,2023-01-22,2023-01-22,0 week ahead inc case,quantile,0.75,seasonal_influenza,155.5
DE-TH,00+,2023-01-22,2023-01-22,0 week ahead inc case,quantile,0.9,seasonal_influenza,206
DE-TH,00+,2023-01-22,2023-01-22,0 week ahead inc case,quantile,0.975,seasonal_influenza,289.5
